country_code,country_name,gdp_value,gdp_year
DO,Dominican Republic,1485400100,1970
DO,Dominican Republic,1666400000,1971
DO,Dominican Republic,2344699900,1973
DO,Dominican Republic,2925600000,1974
DO,Dominican Republic,4774400000,1978
DO,Dominican Republic,5498800100,1979
DO,Dominican Republic,6631000100,1980
DO,Dominican Republic,7964000300,1982
DO,Dominican Republic,5826987203,1987
DO,Dominican Republic,5374315190,1988
DO,Dominican Republic,6686592729,1989
DO,Dominican Republic,7073674721,1990
DO,Dominican Republic,9724402004,1991
DO,Dominican Republic,11277676880,1992
DO,Dominican Republic,14511134921,1994
DO,Dominican Republic,18131813001,1996
DO,Dominican Republic,19593869595,1997
DO,Dominican Republic,61965942057,2013
DO,Dominican Republic,65231032303,2014
MX,Mexico,35541712000,1970
MX,Mexico,45178120000,1972
MX,Mexico,55271304000,1973
MX,Mexico,71976544000,1974
MX,Mexico,88003984000,1975
MX,Mexico,89023915584,1976
MX,Mexico,81825783186,1977
MX,Mexico,1.02517E+11,1978
MX,Mexico,1.3454E+11,1979
MX,Mexico,1.94357E+11,1980
MX,Mexico,2.50083E+11,1981
MX,Mexico,1.73721E+11,1982
MX,Mexico,1.48867E+11,1983
MX,Mexico,1.75632E+11,1984
MX,Mexico,1.84473E+11,1985
MX,Mexico,1.2944E+11,1986
MX,Mexico,1.40264E+11,1987
MX,Mexico,1.83144E+11,1988
MX,Mexico,2.22977E+11,1989
MX,Mexico,2.6271E+11,1990
MX,Mexico,3.14454E+11,1991
MX,Mexico,3.63609E+11,1992
MX,Mexico,5.27319E+11,1994
MX,Mexico,3.43793E+11,1995
MX,Mexico,3.97404E+11,1996
MX,Mexico,4.80555E+11,1997
MX,Mexico,5.0201E+11,1998
MX,Mexico,5.7946E+11,1999
MX,Mexico,6.83648E+11,2000
MX,Mexico,7.24704E+11,2001
MX,Mexico,7.13284E+11,2003
MX,Mexico,7.70268E+11,2004
MX,Mexico,8.66346E+11,2005
MX,Mexico,9.65281E+11,2006
MX,Mexico,1.04347E+12,2007
MX,Mexico,1.10128E+12,2008
MX,Mexico,8.94949E+11,2009
MX,Mexico,1.05113E+12,2010
MX,Mexico,1.17119E+12,2011
MX,Mexico,1.1866E+12,2012
MX,Mexico,1.26198E+12,2013
MX,Mexico,1.29846E+12,2014
MX,Mexico,1.15226E+12,2015
MX,Mexico,1.04692E+12,2016
PH,Philippines,6687204834,1970
PH,Philippines,7408305736,1971
PH,Philippines,8017468688,1972
PH,Philippines,13781139970,1974
PH,Philippines,14893969288,1975
PH,Philippines,17097563270,1976
PH,Philippines,19648106122,1977
PH,Philippines,22706155475,1978
PH,Philippines,27502168727,1979
PH,Philippines,32450541843,1980
PH,Philippines,35646416953,1981
PH,Philippines,37140163934,1982
PH,Philippines,33212180658,1983
PH,Philippines,31408492877,1984
PH,Philippines,30734335449,1985
PH,Philippines,29868339081,1986
PH,Philippines,33195933430,1987
PH,Philippines,37885440419,1988
PH,Philippines,42575183906,1989
PH,Philippines,44311593756,1990
PH,Philippines,45417561302,1991
PH,Philippines,52976344929,1992
PH,Philippines,64084460124,1994
PH,Philippines,74119987245,1995
PH,Philippines,82848140618,1996
PH,Philippines,82344260571,1997
PH,Philippines,72207025219,1998
PH,Philippines,82995147090,1999
PH,Philippines,81026297144,2000
PH,Philippines,76262072022,2001
PH,Philippines,81357602950,2002
PH,Philippines,83908206456,2003
PH,Philippines,91371239765,2004
PH,Philippines,1.03072E+11,2005
PH,Philippines,1.22211E+11,2006
PH,Philippines,1.4936E+11,2007
PH,Philippines,1.74195E+11,2008
PH,Philippines,1.68335E+11,2009
PH,Philippines,1.99591E+11,2010
PH,Philippines,2.24143E+11,2011
PH,Philippines,2.50092E+11,2012
PH,Philippines,2.71836E+11,2013
PH,Philippines,2.84585E+11,2014
PH,Philippines,2.92774E+11,2015
PH,Philippines,3.04905E+11,2016
GR,Greece,13139862500,1970
GR,Greece,14591755682,1971
GR,Greece,16885506818,1972
GR,Greece,22347844649,1973
GR,Greece,25351305682,1974
GR,Greece,28525872476,1975
GR,Greece,31152840485,1976
GR,Greece,36176233117,1977
GR,Greece,44270203154,1978
GR,Greece,54481875805,1979
GR,Greece,56829663469,1980
GR,Greece,52346507380,1981
GR,Greece,54617991327,1982
GR,Greece,49428872678,1983
GR,Greece,48020024788,1984
GR,Greece,47820850975,1985
GR,Greece,56379593720,1986
GR,Greece,65652751132,1987
GR,Greece,76261278405,1988
GR,Greece,79169043642,1989
GR,Greece,97891090929,1990
GR,Greece,1.05143E+11,1991
GR,Greece,1.16225E+11,1992
GR,Greece,1.16602E+11,1994
GR,Greece,1.36878E+11,1995
GR,Greece,1.45862E+11,1996
GR,Greece,1.43158E+11,1997
GR,Greece,1.44428E+11,1998
GR,Greece,1.42541E+11,1999
GR,Greece,1.30134E+11,2000
GR,Greece,1.36191E+11,2001
GR,Greece,1.53831E+11,2002
GR,Greece,2.01924E+11,2003
GR,Greece,2.40521E+11,2004
GR,Greece,2.47783E+11,2005
GR,Greece,2.73318E+11,2006
GR,Greece,3.18498E+11,2007
GR,Greece,3.54461E+11,2008
GR,Greece,3.3E+11,2009
GR,Greece,2.99362E+11,2010
GR,Greece,2.87798E+11,2011
GR,Greece,2.45671E+11,2012
GR,Greece,2.39862E+11,2013
GR,Greece,2.3703E+11,2014
GR,Greece,1.95542E+11,2015
GR,Greece,1.92691E+11,2016
JP,Japan,2.11514E+11,1970
JP,Japan,4.29857E+11,1973
JP,Japan,4.77156E+11,1974
JP,Japan,5.18856E+11,1975
JP,Japan,5.83143E+11,1976
JP,Japan,7.17696E+11,1977
JP,Japan,1.00839E+12,1978
JP,Japan,1.04958E+12,1979
JP,Japan,1.21551E+12,1981
JP,Japan,1.12989E+12,1982
JP,Japan,1.23234E+12,1983
JP,Japan,1.30974E+12,1984
JP,Japan,1.40071E+12,1985
JP,Japan,2.07503E+12,1986
JP,Japan,2.51428E+12,1987
JP,Japan,3.05064E+12,1988
JP,Japan,3.05232E+12,1989
JP,Japan,3.13997E+12,1990
JP,Japan,3.57814E+12,1991
JP,Japan,3.89783E+12,1992
JP,Japan,4.90704E+12,1994
JP,Japan,5.44912E+12,1995
JP,Japan,4.83371E+12,1996
JP,Japan,4.41473E+12,1997
JP,Japan,4.03251E+12,1998
JP,Japan,4.56208E+12,1999
JP,Japan,4.88752E+12,2000
JP,Japan,4.30354E+12,2001
JP,Japan,4.11512E+12,2002
JP,Japan,4.44566E+12,2003
JP,Japan,5.03791E+12,2008
JP,Japan,5.23138E+12,2009
JP,Japan,4.84873E+12,2014
JP,Japan,4.38308E+12,2015
JP,Japan,4.94016E+12,2016
US,United States,1.07588E+12,1970
US,United States,1.16777E+12,1971
US,United States,1.28245E+12,1972
US,United States,1.42855E+12,1973
US,United States,1.54883E+12,1974
US,United States,1.68892E+12,1975
US,United States,1.87759E+12,1976
US,United States,2.08595E+12,1977
US,United States,2.35657E+12,1978
US,United States,2.63214E+12,1979
US,United States,2.86251E+12,1980
US,United States,3.21096E+12,1981
US,United States,3.34499E+12,1982
US,United States,3.63814E+12,1983
US,United States,4.04069E+12,1984
US,United States,4.34673E+12,1985
US,United States,4.59016E+12,1986
US,United States,4.87022E+12,1987
US,United States,5.25263E+12,1988
US,United States,5.65769E+12,1989
US,United States,5.97959E+12,1990
US,United States,6.17404E+12,1991
US,United States,6.5393E+12,1992
US,United States,7.30876E+12,1994
US,United States,7.66406E+12,1995
US,United States,8.1002E+12,1996
US,United States,8.60852E+12,1997
US,United States,9.08917E+12,1998
US,United States,9.66062E+12,1999
US,United States,1.02848E+13,2000
US,United States,1.06218E+13,2001
US,United States,1.09775E+13,2002
US,United States,1.15107E+13,2003
US,United States,1.22749E+13,2004
US,United States,1.30937E+13,2005
US,United States,1.38559E+13,2006
US,United States,1.44776E+13,2007
US,United States,1.47186E+13,2008
US,United States,1.44187E+13,2009
US,United States,1.49644E+13,2010
US,United States,1.55179E+13,2011
US,United States,1.61553E+13,2012
US,United States,1.66915E+13,2013
US,United States,1.73931E+13,2014
US,United States,1.81207E+13,2015
US,United States,1.86245E+13,2016
UY,Uruguay,2137096774,1970
UY,Uruguay,2807258065,1971
UY,Uruguay,2189418001,1972
UY,Uruguay,4850241442,1984
UY,Uruguay,4732017873,1985
UY,Uruguay,5880112788,1986
UY,Uruguay,8438951476,1989
UY,Uruguay,9298839655,1990
UY,Uruguay,11206193313,1991
UY,Uruguay,12878157306,1992
UY,Uruguay,17474578502,1994
UY,Uruguay,19297663097,1995
UY,Uruguay,20515465834,1996
UY,Uruguay,23969746850,1997
UY,Uruguay,17362857684,2005
UY,Uruguay,52419720714,2016
IT,Italy,1.13021E+11,1970
IT,Italy,1.24261E+11,1971
IT,Italy,1.44781E+11,1972
IT,Italy,1.74913E+11,1973
IT,Italy,1.98906E+11,1974
IT,Italy,2.26945E+11,1975
IT,Italy,2.23976E+11,1976
IT,Italy,2.56747E+11,1977
IT,Italy,3.14019E+11,1978
IT,Italy,3.92379E+11,1979
IT,Italy,4.75683E+11,1980
IT,Italy,4.29282E+11,1981
IT,Italy,4.25863E+11,1982
IT,Italy,4.41581E+11,1983
IT,Italy,4.36443E+11,1984
IT,Italy,4.50726E+11,1985
IT,Italy,6.38274E+11,1986
IT,Italy,8.03055E+11,1987
IT,Italy,8.88668E+11,1988
IT,Italy,9.25598E+11,1989
IT,Italy,1.17733E+12,1990
IT,Italy,1.24211E+12,1991
IT,Italy,1.31581E+12,1992
IT,Italy,1.09559E+12,1994
IT,Italy,1.17079E+12,1995
IT,Italy,1.30893E+12,1996
IT,Italy,1.23905E+12,1997
IT,Italy,1.26631E+12,1998
IT,Italy,1.24856E+12,1999
IT,Italy,1.14176E+12,2000
IT,Italy,1.16232E+12,2001
IT,Italy,1.26651E+12,2002
IT,Italy,1.56965E+12,2003
IT,Italy,1.79831E+12,2004
IT,Italy,1.85266E+12,2005
IT,Italy,1.94263E+12,2006
IT,Italy,2.39073E+12,2008
IT,Italy,2.18516E+12,2009
IT,Italy,2.12506E+12,2010
IT,Italy,2.27629E+12,2011
IT,Italy,2.07282E+12,2012
IT,Italy,2.13049E+12,2013
IT,Italy,2.15173E+12,2014
IT,Italy,1.83235E+12,2015
IT,Italy,1.85891E+12,2016
ET,Ethiopia,,1970
ET,Ethiopia,,1971
ET,Ethiopia,,1973
ET,Ethiopia,,1974
ET,Ethiopia,,1975
ET,Ethiopia,,1976
ET,Ethiopia,,1977
ET,Ethiopia,,1978
ET,Ethiopia,,1979
ET,Ethiopia,8567890821,1983
ET,Ethiopia,8096302367,1984
ET,Ethiopia,9480840483,1985
ET,Ethiopia,9848600870,1986
ET,Ethiopia,10527338647,1987
ET,Ethiopia,10908935749,1988
ET,Ethiopia,11476584879,1989
ET,Ethiopia,12175166763,1990
ET,Ethiopia,13463868357,1991
ET,Ethiopia,10492993078,1992
ET,Ethiopia,6927950565,1994
ET,Ethiopia,7663984568,1995
ET,Ethiopia,8547939731,1996
ET,Ethiopia,8589211390,1997
ET,Ethiopia,7700833482,1999
ET,Ethiopia,8242392104,2000
ET,Ethiopia,7850809498,2002
ET,Ethiopia,8623691300,2003
ET,Ethiopia,10131187261,2004
ET,Ethiopia,12401139454,2005
ET,Ethiopia,15280861835,2006
ET,Ethiopia,19707616773,2007
ET,Ethiopia,27066912635,2008
ET,Ethiopia,32437389116,2009
ET,Ethiopia,29933790334,2010
ET,Ethiopia,31952763089,2011
ET,Ethiopia,43310721414,2012
ET,Ethiopia,47648211133,2013
ET,Ethiopia,55612228234,2014
ET,Ethiopia,64464547915,2015
ET,Ethiopia,72374224249,2016
GT,Guatemala,1904000000,1970
GT,Guatemala,1984800000,1971
GT,Guatemala,3161499900,1974
GT,Guatemala,3645900000,1975
GT,Guatemala,4365300200,1976
GT,Guatemala,5480500200,1977
GT,Guatemala,6070600200,1978
GT,Guatemala,6902600200,1979
GT,Guatemala,7878700000,1980
GT,Guatemala,8607500300,1981
GT,Guatemala,8716999700,1982
GT,Guatemala,9050000400,1983
GT,Guatemala,9470000100,1984
GT,Guatemala,9721652087,1985
GT,Guatemala,7231963516,1986
GT,Guatemala,7084399840,1987
GT,Guatemala,7841602824,1988
GT,Guatemala,8410724361,1989
GT,Guatemala,7650125217,1990
GT,Guatemala,9406097735,1991
GT,Guatemala,10440842165,1992
GT,Guatemala,12983235568,1994
GT,Guatemala,14655487456,1995
GT,Guatemala,15674852771,1996
GT,Guatemala,17790095901,1997
GT,Guatemala,18318512501,1999
GT,Guatemala,19288926545,2000
GT,Guatemala,18702802395,2001
GT,Guatemala,21917706491,2003
GT,Guatemala,23965275996,2004
GT,Guatemala,30231249362,2006
GT,Guatemala,50388454861,2012
GT,Guatemala,53851058955,2013
CH,Switzerland,,1970
CH,Switzerland,,1971
CH,Switzerland,,1973
CH,Switzerland,,1974
CH,Switzerland,,1975
CH,Switzerland,,1976
CH,Switzerland,,1977
CH,Switzerland,,1978
CH,Switzerland,,1979
CH,Switzerland,1.19008E+11,1980
CH,Switzerland,1.08994E+11,1981
CH,Switzerland,1.11711E+11,1982
CH,Switzerland,1.11314E+11,1983
CH,Switzerland,1.06285E+11,1984
CH,Switzerland,1.07766E+11,1985
CH,Switzerland,1.93466E+11,1987
CH,Switzerland,2.09298E+11,1988
CH,Switzerland,2.58067E+11,1990
CH,Switzerland,2.61114E+11,1991
CH,Switzerland,2.71814E+11,1992
CH,Switzerland,3.42617E+11,1995
CH,Switzerland,3.30092E+11,1996
CH,Switzerland,2.86519E+11,1997
CH,Switzerland,2.95045E+11,1998
CH,Switzerland,2.89912E+11,1999
CH,Switzerland,2.72055E+11,2000
CH,Switzerland,2.78631E+11,2001
CH,Switzerland,3.52915E+11,2003
CH,Switzerland,4.79913E+11,2007
CH,Switzerland,6.9958E+11,2011
CH,Switzerland,6.88504E+11,2013
CH,Switzerland,6.68851E+11,2016
JO,Jordan,639596751.6,1970
JO,Jordan,678241389,1971
JO,Jordan,788574629,1972
JO,Jordan,943700547.8,1973
JO,Jordan,1708734940,1976
JO,Jordan,3910036925,1980
JO,Jordan,4384685230,1981
JO,Jordan,4680567376,1982
JO,Jordan,4920407601,1983
JO,Jordan,4966710013,1984
JO,Jordan,6277197435,1988
JO,Jordan,4344250257,1991
JO,Jordan,4160003917,1990
JO,Jordan,5311329067,1992
JO,Jordan,6237739516,1994
JO,Jordan,6727446632,1995
JO,Jordan,6928359238,1996
JO,Jordan,7246188575,1997
JO,Jordan,7912327362,1998
JO,Jordan,8149106065,1999
JO,Jordan,8460424401,2000
JO,Jordan,8975689845,2001
JO,Jordan,9582453032,2002
JO,Jordan,12588665303,2005
JO,Jordan,15056929760,2006
JO,Jordan,26425379437,2010
JO,Jordan,30937277606,2012
JO,Jordan,33593843662,2013
JO,Jordan,35826925775,2014
JO,Jordan,37517410282,2015
JO,Jordan,38654727746,2016
ES,Spain,40881655099,1970
ES,Spain,46492797365,1971
ES,Spain,58971806627,1972
ES,Spain,78425934894,1973
ES,Spain,97009800115,1974
ES,Spain,1.14465E+11,1975
ES,Spain,1.18185E+11,1976
ES,Spain,1.3209E+11,1977
ES,Spain,1.60163E+11,1978
ES,Spain,2.14019E+11,1979
ES,Spain,2.32135E+11,1980
ES,Spain,2.02257E+11,1981
ES,Spain,1.95464E+11,1982
ES,Spain,1.70487E+11,1983
ES,Spain,1.71635E+11,1984
ES,Spain,1.80302E+11,1985
ES,Spain,2.50638E+11,1986
ES,Spain,3.17882E+11,1987
ES,Spain,3.75139E+11,1988
ES,Spain,4.13631E+11,1989
ES,Spain,5.35101E+11,1990
ES,Spain,5.75599E+11,1991
ES,Spain,6.29202E+11,1992
ES,Spain,5.29122E+11,1994
ES,Spain,6.1294E+11,1995
ES,Spain,6.40998E+11,1996
ES,Spain,5.88692E+11,1997
ES,Spain,6.17042E+11,1998
ES,Spain,6.33194E+11,1999
ES,Spain,5.95403E+11,2000
ES,Spain,6.25976E+11,2001
ES,Spain,7.05146E+11,2002
ES,Spain,9.06853E+11,2003
ES,Spain,1.06956E+12,2004
ES,Spain,1.15728E+12,2005
ES,Spain,1.26455E+12,2006
ES,Spain,1.47934E+12,2007
ES,Spain,1.63502E+12,2008
ES,Spain,1.4991E+12,2009
ES,Spain,1.43162E+12,2010
ES,Spain,1.33602E+12,2012
ES,Spain,1.36185E+12,2013
ES,Spain,1.37691E+12,2014
ES,Spain,1.19779E+12,2015
ES,Spain,1.23726E+12,2016
BR,Brazil,42327600098,1970
BR,Brazil,49204456700,1971
BR,Brazil,58539008786,1972
BR,Brazil,79279057731,1973
BR,Brazil,1.52678E+11,1976
BR,Brazil,1.76171E+11,1977
BR,Brazil,2.00801E+11,1978
BR,Brazil,2.24969E+11,1979
BR,Brazil,2.35025E+11,1980
BR,Brazil,2.63561E+11,1981
BR,Brazil,2.81682E+11,1982
BR,Brazil,2.03305E+11,1983
BR,Brazil,2.09024E+11,1984
BR,Brazil,2.22943E+11,1985
BR,Brazil,2.68137E+11,1986
BR,Brazil,2.94084E+11,1987
BR,Brazil,3.30397E+11,1988
BR,Brazil,4.25595E+11,1989
BR,Brazil,4.61952E+11,1990
BR,Brazil,6.0286E+11,1991
BR,Brazil,4.00599E+11,1992
BR,Brazil,5.58112E+11,1994
BR,Brazil,7.85643E+11,1995
BR,Brazil,8.50426E+11,1996
BR,Brazil,8.83199E+11,1997
BR,Brazil,8.63723E+11,1998
BR,Brazil,5.99389E+11,1999
BR,Brazil,6.55421E+11,2000
BR,Brazil,5.59373E+11,2001
BR,Brazil,5.07963E+11,2002
BR,Brazil,5.5832E+11,2003
BR,Brazil,1.10764E+12,2006
BR,Brazil,2.46519E+12,2012
BR,Brazil,2.47281E+12,2013
BR,Brazil,2.45599E+12,2014
BR,Brazil,1.80365E+12,2015
BR,Brazil,1.79619E+12,2016
EG,"Egypt, Arab Rep.",7682491836,1970
EG,"Egypt, Arab Rep.",8266003571,1971
EG,"Egypt, Arab Rep.",8763960703,1972
EG,"Egypt, Arab Rep.",14636028767,1977
EG,"Egypt, Arab Rep.",14849909491,1978
EG,"Egypt, Arab Rep.",18150000571,1979
EG,"Egypt, Arab Rep.",22912500556,1980
EG,"Egypt, Arab Rep.",23405404730,1981
EG,"Egypt, Arab Rep.",25592365394,1982
EG,"Egypt, Arab Rep.",34689560465,1985
EG,"Egypt, Arab Rep.",35880262675,1986
EG,"Egypt, Arab Rep.",40507934171,1987
EG,"Egypt, Arab Rep.",35044634015,1988
EG,"Egypt, Arab Rep.",39648442534,1989
EG,"Egypt, Arab Rep.",43130416913,1990
EG,"Egypt, Arab Rep.",36970555899,1991
EG,"Egypt, Arab Rep.",41855986519,1992
EG,"Egypt, Arab Rep.",51897983393,1994
EG,"Egypt, Arab Rep.",60159245060,1995
EG,"Egypt, Arab Rep.",67629716981,1996
EG,"Egypt, Arab Rep.",78436578171,1997
EG,"Egypt, Arab Rep.",84828807556,1998
EG,"Egypt, Arab Rep.",90710704807,1999
EG,"Egypt, Arab Rep.",78845185293,2004
EG,"Egypt, Arab Rep.",89685725230,2005
EG,"Egypt, Arab Rep.",1.07484E+11,2006
EG,"Egypt, Arab Rep.",1.62818E+11,2008
EG,"Egypt, Arab Rep.",1.88982E+11,2009
EG,"Egypt, Arab Rep.",2.18888E+11,2010
EG,"Egypt, Arab Rep.",2.36002E+11,2011
EG,"Egypt, Arab Rep.",2.79373E+11,2012
EG,"Egypt, Arab Rep.",2.88586E+11,2013
EG,"Egypt, Arab Rep.",3.0553E+11,2014
EG,"Egypt, Arab Rep.",3.32698E+11,2015
EG,"Egypt, Arab Rep.",3.32791E+11,2016
AR,Argentina,31584210366,1970
AR,Argentina,33293199095,1971
AR,Argentina,34733000536,1972
AR,Argentina,52544000117,1973
AR,Argentina,72436777342,1974
AR,Argentina,52438647922,1975
AR,Argentina,51169499891,1976
AR,Argentina,56781000101,1977
AR,Argentina,58082870156,1978
AR,Argentina,69252328953,1979
AR,Argentina,76961923742,1980
AR,Argentina,78676842366,1981
AR,Argentina,84307486837,1982
AR,Argentina,1.03979E+11,1983
AR,Argentina,79092001998,1984
AR,Argentina,88416668900,1985
AR,Argentina,1.10934E+11,1986
AR,Argentina,1.11106E+11,1987
AR,Argentina,1.26207E+11,1988
AR,Argentina,76636898036,1989
AR,Argentina,1.41352E+11,1990
AR,Argentina,1.8972E+11,1991
AR,Argentina,2.28789E+11,1992
AR,Argentina,2.5744E+11,1994
AR,Argentina,2.58032E+11,1995
AR,Argentina,2.7215E+11,1996
AR,Argentina,2.92859E+11,1997
AR,Argentina,2.83523E+11,1999
AR,Argentina,2.68697E+11,2001
AR,Argentina,1.27587E+11,2003
AR,Argentina,1.98737E+11,2005
AR,Argentina,3.32976E+11,2009
AR,Argentina,4.23627E+11,2010
AR,Argentina,5.30163E+11,2011
AR,Argentina,5.45982E+11,2012
AR,Argentina,5.52025E+11,2013
AR,Argentina,5.84711E+11,2015
AR,Argentina,5.45476E+11,2016
LB,Lebanon,,1970
LB,Lebanon,,1971
LB,Lebanon,,1972
LB,Lebanon,,1973
LB,Lebanon,,1974
LB,Lebanon,,1975
LB,Lebanon,,1976
LB,Lebanon,,1977
LB,Lebanon,,1978
LB,Lebanon,,1979
LB,Lebanon,,1980
LB,Lebanon,,1981
LB,Lebanon,,1982
LB,Lebanon,,1983
LB,Lebanon,,1984
LB,Lebanon,,1985
LB,Lebanon,,1986
LB,Lebanon,,1987
LB,Lebanon,3313540068,1988
LB,Lebanon,2717998688,1989
LB,Lebanon,2838485354,1990
LB,Lebanon,4451497288,1991
LB,Lebanon,5545921947,1992
LB,Lebanon,9599127050,1994
LB,Lebanon,11718795528,1995
LB,Lebanon,13690217333,1996
LB,Lebanon,15751867489,1997
LB,Lebanon,17247179006,1998
LB,Lebanon,17391056369,1999
LB,Lebanon,17260364842,2000
LB,Lebanon,17649751244,2001
LB,Lebanon,19152238806,2002
LB,Lebanon,20082918740,2003
LB,Lebanon,20955223881,2004
LB,Lebanon,21287562189,2005
LB,Lebanon,21796351575,2006
LB,Lebanon,24577114428,2007
LB,Lebanon,29227350570,2008
LB,Lebanon,35477118070,2009
LB,Lebanon,38419626628,2010
LB,Lebanon,40075674163,2011
LB,Lebanon,43868565282,2012
LB,Lebanon,46014226808,2013
LB,Lebanon,47833413749,2014
LB,Lebanon,49459296463,2015
LB,Lebanon,49598825982,2016
IE,Ireland,4401259497,1970
IE,Ireland,5104355309,1971
IE,Ireland,6325627655,1972
IE,Ireland,7490132356,1973
IE,Ireland,7906317069,1974
IE,Ireland,9495165854,1975
IE,Ireland,9465078121,1976
IE,Ireland,11261810826,1977
IE,Ireland,14665538206,1978
IE,Ireland,18341273533,1979
IE,Ireland,21773901117,1980
IE,Ireland,20694944226,1981
IE,Ireland,21500471496,1982
IE,Ireland,20790917197,1983
IE,Ireland,20130728274,1984
IE,Ireland,21295485883,1985
IE,Ireland,28748959729,1986
IE,Ireland,33961141503,1987
IE,Ireland,39285384083,1989
IE,Ireland,49364680083,1990
IE,Ireland,49847127266,1991
IE,Ireland,55985505159,1992
IE,Ireland,57166035689,1994
IE,Ireland,69222624495,1995
IE,Ireland,75880630040,1996
IE,Ireland,82826141714,1997
IE,Ireland,90082029831,1998
IE,Ireland,98691939591,1999
IE,Ireland,1.09134E+11,2001
IE,Ireland,1.64285E+11,2003
IE,Ireland,2.32086E+11,2006
IE,Ireland,2.69918E+11,2007
IE,Ireland,2.7502E+11,2008
IE,Ireland,2.21951E+11,2010
IE,Ireland,2.39019E+11,2011
IE,Ireland,2.25572E+11,2012
IE,Ireland,2.39389E+11,2013
IE,Ireland,2.58099E+11,2014
IE,Ireland,2.90617E+11,2015
IE,Ireland,3.04819E+11,2016
TR,Turkey,17086956522,1970
TR,Turkey,16256619964,1971
TR,Turkey,20431095406,1972
TR,Turkey,35599913836,1974
TR,Turkey,44633707243,1975
TR,Turkey,51280134554,1976
TR,Turkey,58676813687,1977
TR,Turkey,65147022486,1978
TR,Turkey,89394085658,1979
TR,Turkey,68789289566,1980
TR,Turkey,71040020140,1981
TR,Turkey,64546332581,1982
TR,Turkey,61678280115,1983
TR,Turkey,59989909458,1984
TR,Turkey,67234948265,1985
TR,Turkey,75728009963,1986
TR,Turkey,87172789528,1987
TR,Turkey,90852814005,1988
TR,Turkey,1.07143E+11,1989
TR,Turkey,1.50676E+11,1990
TR,Turkey,1.50028E+11,1991
TR,Turkey,1.58459E+11,1992
TR,Turkey,1.3069E+11,1994
TR,Turkey,1.69486E+11,1995
TR,Turkey,1.81476E+11,1996
TR,Turkey,1.89835E+11,1997
TR,Turkey,2.75769E+11,1998
TR,Turkey,2.55884E+11,1999
TR,Turkey,2.72979E+11,2000
TR,Turkey,2.00252E+11,2001
TR,Turkey,2.38428E+11,2002
TR,Turkey,3.11823E+11,2003
TR,Turkey,4.04787E+11,2004
TR,Turkey,5.01416E+11,2005
TR,Turkey,5.52487E+11,2006
TR,Turkey,6.7577E+11,2007
TR,Turkey,7.64336E+11,2008
TR,Turkey,6.4464E+11,2009
TR,Turkey,7.71877E+11,2010
TR,Turkey,8.32546E+11,2011
TR,Turkey,8.73982E+11,2012
TR,Turkey,9.50595E+11,2013
TR,Turkey,9.34168E+11,2014
TR,Turkey,8.59794E+11,2015
TR,Turkey,8.63712E+11,2016
PY,Paraguay,548758098.4,1970
PY,Paraguay,1540820245,1976
PY,Paraguay,4094810488,1980
PY,Paraguay,4067222369,1984
PY,Paraguay,2966234106,1985
PY,Paraguay,3778316380,1987
PY,Paraguay,7157424031,1992
PY,Paraguay,7870982171,1994
PY,Paraguay,9062131308,1995
PY,Paraguay,9965225497,1997
PY,Paraguay,8392549702,1999
PY,Paraguay,8195993231,2000
PY,Paraguay,20030528043,2010
PY,Paraguay,25099681461,2011
PY,Paraguay,24595319574,2012
PY,Paraguay,28965906502,2013
PY,Paraguay,30881166852,2014
PY,Paraguay,27282581336,2015
PY,Paraguay,27424071383,2016
GB,United Kingdom,1.30672E+11,1970
GB,United Kingdom,1.48114E+11,1971
GB,United Kingdom,1.69965E+11,1972
GB,United Kingdom,1.92538E+11,1973
GB,United Kingdom,2.06131E+11,1974
GB,United Kingdom,2.41757E+11,1975
GB,United Kingdom,2.32615E+11,1976
GB,United Kingdom,2.63066E+11,1977
GB,United Kingdom,3.35883E+11,1978
GB,United Kingdom,4.38994E+11,1979
GB,United Kingdom,5.64948E+11,1980
GB,United Kingdom,5.40766E+11,1981
GB,United Kingdom,5.15049E+11,1982
GB,United Kingdom,4.89618E+11,1983
GB,United Kingdom,4.61487E+11,1984
GB,United Kingdom,4.89285E+11,1985
GB,United Kingdom,6.01453E+11,1986
GB,United Kingdom,7.45163E+11,1987
GB,United Kingdom,9.10123E+11,1988
GB,United Kingdom,9.26885E+11,1989
GB,United Kingdom,1.09317E+12,1990
GB,United Kingdom,1.1428E+12,1991
GB,United Kingdom,1.17966E+12,1992
GB,United Kingdom,1.14049E+12,1994
GB,United Kingdom,1.33522E+12,1995
GB,United Kingdom,1.40878E+12,1996
GB,United Kingdom,1.55248E+12,1997
GB,United Kingdom,1.63851E+12,1998
GB,United Kingdom,1.66562E+12,1999
GB,United Kingdom,1.64795E+12,2000
GB,United Kingdom,1.62151E+12,2001
GB,United Kingdom,1.76841E+12,2002
GB,United Kingdom,2.0384E+12,2003
GB,United Kingdom,2.39856E+12,2004
GB,United Kingdom,2.5207E+12,2005
GB,United Kingdom,2.69261E+12,2006
GB,United Kingdom,3.07436E+12,2007
GB,United Kingdom,2.89056E+12,2008
GB,United Kingdom,2.38283E+12,2009
GB,United Kingdom,2.44117E+12,2010
GB,United Kingdom,2.6197E+12,2011
GB,United Kingdom,2.66209E+12,2012
GB,United Kingdom,2.73982E+12,2013
GB,United Kingdom,3.02283E+12,2014
GB,United Kingdom,2.88557E+12,2015
GB,United Kingdom,2.6479E+12,2016
CO,Colombia,7198360460,1970
CO,Colombia,8671358733,1972
CO,Colombia,10315760000,1973
CO,Colombia,13098633902,1975
CO,Colombia,15341403660,1976
CO,Colombia,19470960619,1977
CO,Colombia,23263511958,1978
CO,Colombia,27940411250,1979
CO,Colombia,33400735644,1980
CO,Colombia,36388366869,1981
CO,Colombia,38968039722,1982
CO,Colombia,38729822782,1983
CO,Colombia,38253120738,1984
CO,Colombia,34894411352,1985
CO,Colombia,34942489684,1986
CO,Colombia,36373307085,1987
CO,Colombia,39212550050,1988
CO,Colombia,39540080200,1989
CO,Colombia,40274204595,1990
CO,Colombia,41239551378,1991
CO,Colombia,49279585355,1992
CO,Colombia,81703500846,1994
CO,Colombia,92507279383,1995
CO,Colombia,97160109278,1996
CO,Colombia,1.0666E+11,1997
CO,Colombia,98443739941,1998
CO,Colombia,86186158685,1999
CO,Colombia,99886577331,2000
CO,Colombia,98203546156,2001
CO,Colombia,97933391976,2002
CO,Colombia,94684584163,2003
CO,Colombia,1.17075E+11,2004
CO,Colombia,1.46566E+11,2005
CO,Colombia,1.6259E+11,2006
CO,Colombia,2.07416E+11,2007
CO,Colombia,2.43982E+11,2008
CO,Colombia,2.33822E+11,2009
CO,Colombia,2.87018E+11,2010
CO,Colombia,3.35415E+11,2011
CO,Colombia,3.6966E+11,2012
CO,Colombia,3.80192E+11,2013
CO,Colombia,3.78196E+11,2014
CO,Colombia,2.9152E+11,2015
CO,Colombia,2.82463E+11,2016
NI,Nicaragua,,1970
NI,Nicaragua,,1974
NI,Nicaragua,,1975
NI,Nicaragua,,1977
NI,Nicaragua,,1978
NI,Nicaragua,,1979
NI,Nicaragua,,1980
NI,Nicaragua,,1981
NI,Nicaragua,,1982
NI,Nicaragua,,1983
NI,Nicaragua,,1984
NI,Nicaragua,,1985
NI,Nicaragua,,1986
NI,Nicaragua,,1987
NI,Nicaragua,,1988
NI,Nicaragua,1019966667,1989
NI,Nicaragua,1009455484,1990
NI,Nicaragua,1488804124,1991
NI,Nicaragua,1792800000,1992
NI,Nicaragua,3863185119,1994
NI,Nicaragua,4140470000,1995
NI,Nicaragua,4308351903,1996
NI,Nicaragua,4389965591,1997
NI,Nicaragua,4855717875,1999
NI,Nicaragua,5107329007,2000
NI,Nicaragua,11880438824,2014
NL,Netherlands,37677621538,1970
NL,Netherlands,44010160464,1971
NL,Netherlands,54008338918,1972
NL,Netherlands,70924006306,1973
NL,Netherlands,86129928027,1974
NL,Netherlands,98970041042,1975
NL,Netherlands,1.07775E+11,1976
NL,Netherlands,1.25396E+11,1977
NL,Netherlands,1.5387E+11,1978
NL,Netherlands,1.77376E+11,1979
NL,Netherlands,1.92661E+11,1980
NL,Netherlands,1.62039E+11,1981
NL,Netherlands,1.56457E+11,1982
NL,Netherlands,1.51487E+11,1983
NL,Netherlands,1.42076E+11,1984
NL,Netherlands,1.4201E+11,1985
NL,Netherlands,1.98298E+11,1986
NL,Netherlands,2.41919E+11,1987
NL,Netherlands,2.58568E+11,1988
NL,Netherlands,2.5504E+11,1989
NL,Netherlands,3.14268E+11,1990
NL,Netherlands,3.2332E+11,1991
NL,Netherlands,3.5833E+11,1992
NL,Netherlands,3.74291E+11,1994
NL,Netherlands,4.46529E+11,1995
NL,Netherlands,4.45705E+11,1996
NL,Netherlands,4.12199E+11,1997
NL,Netherlands,4.41975E+11,1999
NL,Netherlands,4.12807E+11,2000
NL,Netherlands,4.26574E+11,2001
NL,Netherlands,4.65369E+11,2002
NL,Netherlands,5.71863E+11,2003
NL,Netherlands,6.50533E+11,2004
NL,Netherlands,9.36228E+11,2008
NL,Netherlands,8.57933E+11,2009
NL,Netherlands,8.3639E+11,2010
NL,Netherlands,8.93757E+11,2011
NL,Netherlands,8.79635E+11,2014
NL,Netherlands,7.57999E+11,2015
NL,Netherlands,7.77228E+11,2016
BE,Belgium,26849148286,1970
BE,Belgium,37408591330,1972
BE,Belgium,47999363072,1973
BE,Belgium,56333010460,1974
BE,Belgium,71494539498,1976
BE,Belgium,83283328419,1977
BE,Belgium,1.01788E+11,1978
BE,Belgium,1.16938E+11,1979
BE,Belgium,1.27508E+11,1980
BE,Belgium,1.05291E+11,1981
BE,Belgium,92588895020,1982
BE,Belgium,87650915976,1983
BE,Belgium,83795680815,1984
BE,Belgium,86730038793,1985
BE,Belgium,1.20661E+11,1986
BE,Belgium,1.50194E+11,1987
BE,Belgium,1.63168E+11,1988
BE,Belgium,1.651E+11,1989
BE,Belgium,2.06431E+11,1990
BE,Belgium,2.11638E+11,1991
BE,Belgium,2.36038E+11,1992
BE,Belgium,2.46195E+11,1994
BE,Belgium,2.89567E+11,1995
BE,Belgium,2.54814E+11,1997
BE,Belgium,2.60602E+11,1998
BE,Belgium,2.60202E+11,1999
BE,Belgium,2.5886E+11,2002
BE,Belgium,3.19003E+11,2003
BE,Belgium,4.71821E+11,2007
BE,Belgium,4.84553E+11,2009
BE,Belgium,4.97884E+11,2012
BE,Belgium,5.31076E+11,2014
BE,Belgium,4.67956E+11,2016
IL,Israel,7045666667,1970
IL,Israel,6709000000,1971
IL,Israel,8771500000,1972
IL,Israel,11321750000,1973
IL,Israel,16334250000,1974
IL,Israel,15353833333,1975
IL,Israel,15176875000,1976
IL,Israel,17365700000,1977
IL,Israel,16836235294,1978
IL,Israel,21505200000,1979
IL,Israel,24154568627,1980
IL,Israel,25568701754,1981
IL,Israel,27826057613,1982
IL,Israel,31079439502,1983
IL,Israel,29148462483,1984
IL,Israel,27493591484,1985
IL,Israel,34083532195,1986
IL,Israel,40946424370,1987
IL,Israel,50078767903,1988
IL,Israel,49881433991,1989
IL,Israel,58986997917,1990
IL,Israel,67530220219,1991
IL,Israel,75575902932,1992
IL,Israel,86307135997,1994
IL,Israel,1.00343E+11,1995
IL,Israel,1.09957E+11,1996
IL,Israel,1.14725E+11,1997
IL,Israel,1.15979E+11,1998
IL,Israel,1.1719E+11,1999
IL,Israel,1.32339E+11,2000
IL,Israel,1.30706E+11,2001
IL,Israel,1.21069E+11,2002
IL,Israel,1.26865E+11,2003
IL,Israel,1.35445E+11,2004
IL,Israel,1.42463E+11,2005
IL,Israel,1.53967E+11,2006
IL,Israel,1.78707E+11,2007
IL,Israel,2.1584E+11,2008
IL,Israel,2.07419E+11,2009
IL,Israel,2.3361E+11,2010
IL,Israel,2.61629E+11,2011
IL,Israel,2.57297E+11,2012
IL,Israel,2.92489E+11,2013
IL,Israel,3.08417E+11,2014
IL,Israel,2.99096E+11,2015
IL,Israel,3.17745E+11,2016
CA,Canada,87896095224,1970
CA,Canada,1.13083E+11,1972
CA,Canada,1.60409E+11,1974
CA,Canada,2.73854E+11,1980
CA,Canada,3.13507E+11,1982
CA,Canada,3.40548E+11,1983
CA,Canada,3.64756E+11,1985
CA,Canada,3.77438E+11,1986
CA,Canada,5.65056E+11,1989
CA,Canada,5.92388E+11,1992
CA,Canada,5.78139E+11,1994
CA,Canada,6.04032E+11,1995
CA,Canada,6.28546E+11,1996
CA,Canada,6.52825E+11,1997
CA,Canada,6.31813E+11,1998
CA,Canada,6.76083E+11,1999
CA,Canada,7.42293E+11,2000
CA,Canada,1.0232E+12,2004
CA,Canada,1.31542E+12,2006
CA,Canada,1.54913E+12,2008
CA,Canada,1.37115E+12,2009
CA,Canada,1.61346E+12,2010
CA,Canada,1.82429E+12,2012
CA,Canada,1.84263E+12,2013
CA,Canada,1.79288E+12,2014
CA,Canada,1.55281E+12,2015
CA,Canada,1.52976E+12,2016
AU,Australia,41304737373,1970
AU,Australia,45183111211,1971
AU,Australia,52003504673,1972
AU,Australia,88906411201,1974
AU,Australia,1.18401E+11,1978
AU,Australia,1.34794E+11,1979
AU,Australia,1.49887E+11,1980
AU,Australia,1.76805E+11,1981
AU,Australia,1.93955E+11,1982
AU,Australia,1.82282E+11,1986
AU,Australia,2.36136E+11,1988
AU,Australia,2.99941E+11,1989
AU,Australia,3.26069E+11,1991
AU,Australia,3.25693E+11,1992
AU,Australia,3.23217E+11,1994
AU,Australia,3.68392E+11,1995
AU,Australia,4.01819E+11,1996
AU,Australia,4.36098E+11,1997
AU,Australia,3.99779E+11,1998
AU,Australia,4.15446E+11,2000
AU,Australia,3.789E+11,2001
AU,Australia,7.47573E+11,2006
AU,Australia,1.05533E+12,2008
AU,Australia,9.27168E+11,2009
AU,Australia,1.14288E+12,2010
AU,Australia,1.56718E+12,2013
AU,Australia,1.4596E+12,2014
AU,Australia,1.34538E+12,2015
AU,Australia,1.20462E+12,2016
PK,Pakistan,10027088849,1970
PK,Pakistan,8773030424,1974
PK,Pakistan,11340000242,1975
PK,Pakistan,13338484980,1976
PK,Pakistan,17820100626,1978
PK,Pakistan,19707979303,1979
PK,Pakistan,23689696768,1980
PK,Pakistan,28100605515,1981
PK,Pakistan,30725972787,1982
PK,Pakistan,28691890433,1983
PK,Pakistan,31151824659,1984
PK,Pakistan,31144920554,1985
PK,Pakistan,31899071054,1986
PK,Pakistan,33351528115,1987
PK,Pakistan,38472741737,1988
PK,Pakistan,40171019643,1989
PK,Pakistan,40010424929,1990
PK,Pakistan,45451960732,1991
PK,Pakistan,48635176853,1992
PK,Pakistan,51894781282,1994
PK,Pakistan,60636022423,1995
PK,Pakistan,63320122807,1996
PK,Pakistan,62433300338,1997
PK,Pakistan,62191955814,1998
PK,Pakistan,62973855719,1999
PK,Pakistan,73952374970,2000
PK,Pakistan,72309738921,2001
PK,Pakistan,72306820396,2002
PK,Pakistan,83244801093,2003
PK,Pakistan,97977766198,2004
PK,Pakistan,1.09502E+11,2005
PK,Pakistan,1.37264E+11,2006
PK,Pakistan,1.52386E+11,2007
PK,Pakistan,1.70078E+11,2008
PK,Pakistan,1.68153E+11,2009
PK,Pakistan,1.77407E+11,2010
PK,Pakistan,2.13587E+11,2011
PK,Pakistan,2.24384E+11,2012
PK,Pakistan,2.31219E+11,2013
PK,Pakistan,2.44361E+11,2014
PK,Pakistan,2.70556E+11,2015
PK,Pakistan,2.78913E+11,2016
ZM,Zambia,1687000000,1971
ZM,Zambia,2268714286,1973
ZM,Zambia,2618666667,1975
ZM,Zambia,2483000000,1977
ZM,Zambia,2813375000,1978
ZM,Zambia,3325500000,1979
ZM,Zambia,3872666667,1981
ZM,Zambia,2281258065,1985
ZM,Zambia,1661948718,1986
ZM,Zambia,2269894737,1987
ZM,Zambia,3713614458,1988
ZM,Zambia,3998637681,1989
ZM,Zambia,3285217391,1990
ZM,Zambia,3807067122,1995
ZM,Zambia,3597220962,1996
ZM,Zambia,3404311977,1999
ZM,Zambia,3600683040,2000
ZM,Zambia,4193845678,2002
SE,Sweden,40980345656,1971
SE,Sweden,48263914959,1972
SE,Sweden,81716751698,1975
SE,Sweden,1.0297E+11,1978
SE,Sweden,1.21647E+11,1979
SE,Sweden,1.48376E+11,1986
SE,Sweden,1.03534E+11,1983
SE,Sweden,2.14875E+11,1989
SE,Sweden,2.58154E+11,1990
SE,Sweden,2.70363E+11,1991
SE,Sweden,2.80312E+11,1992
SE,Sweden,2.2608E+11,1994
SE,Sweden,2.64052E+11,1995
SE,Sweden,2.88104E+11,1996
SE,Sweden,2.64478E+11,1997
SE,Sweden,2.70848E+11,1999
SE,Sweden,2.59802E+11,2000
SE,Sweden,3.89042E+11,2005
SE,Sweden,4.20032E+11,2006
SE,Sweden,5.13966E+11,2008
SE,Sweden,4.29657E+11,2009
SE,Sweden,4.88378E+11,2010
SE,Sweden,5.6311E+11,2011
SE,Sweden,5.43881E+11,2012
SE,Sweden,5.73818E+11,2014
SE,Sweden,4.97918E+11,2015
SE,Sweden,5.1446E+11,2016
CR,Costa Rica,1077152902,1971
CR,Costa Rica,2412555426,1976
CR,Costa Rica,3072427013,1977
CR,Costa Rica,3523208810,1978
CR,Costa Rica,4035519323,1979
CR,Costa Rica,4831447001,1980
CR,Costa Rica,2623807074,1981
CR,Costa Rica,2606621255,1982
CR,Costa Rica,3976453967,1983
CR,Costa Rica,4593908719,1984
CR,Costa Rica,4796628461,1985
CR,Costa Rica,5477895475,1986
CR,Costa Rica,5841132962,1987
CR,Costa Rica,6063759371,1988
CR,Costa Rica,6866402028,1989
CR,Costa Rica,7403457319,1990
CR,Costa Rica,7168999428,1991
CR,Costa Rica,8528593084,1992
CR,Costa Rica,10432619390,1994
CR,Costa Rica,11618286553,1996
CR,Costa Rica,12552071367,1997
CR,Costa Rica,15913363335,2001
KH,Cambodia,969911421.4,1971
KH,Cambodia,505549441.4,1972
KH,Cambodia,,1978
KH,Cambodia,,1989
KH,Cambodia,,1990
KH,Cambodia,,1991
KH,Cambodia,,1992
KH,Cambodia,2791435272,1994
KH,Cambodia,3441205693,1995
KH,Cambodia,3506695720,1996
KH,Cambodia,3443413389,1997
KH,Cambodia,3120425503,1998
KH,Cambodia,3517242477,1999
KH,Cambodia,3654031716,2000
KH,Cambodia,3984000517,2001
KH,Cambodia,4284028483,2002
KH,Cambodia,4658246918,2003
KH,Cambodia,10351914093,2008
KH,Cambodia,15449630419,2013
PA,Panama,1673411700,1972
PA,Panama,2588106000,1976
PA,Panama,3704551600,1979
PA,Panama,4614086400,1980
PA,Panama,5222421500,1981
PA,Panama,5923755900,1983
PA,Panama,6183387100,1984
PA,Panama,6797834200,1986
PA,Panama,6827665300,1987
PA,Panama,5902783400,1988
PA,Panama,5918469800,1989
PA,Panama,6433967000,1990
PA,Panama,7074675500,1991
PA,Panama,8042337700,1992
PA,Panama,9365289800,1994
PA,Panama,9573813700,1995
PA,Panama,9870494000,1996
PA,Panama,10677286100,1997
PA,Panama,12130252200,1999
PA,Panama,12304115000,2000
PA,Panama,26593500000,2009
PA,Panama,55187700000,2016
KW,Kuwait,4451200973,1972
KW,Kuwait,13004774557,1974
KW,Kuwait,12024138276,1975
KW,Kuwait,13131668947,1976
KW,Kuwait,15500908760,1978
KW,Kuwait,28638550499,1980
KW,Kuwait,25056672166,1981
KW,Kuwait,21577977770,1982
KW,Kuwait,20869434305,1983
KW,Kuwait,21697297872,1984
KW,Kuwait,21442619681,1985
KW,Kuwait,17903681693,1986
KW,Kuwait,22365734482,1987
KW,Kuwait,20692472760,1988
KW,Kuwait,11008793176,1991
KW,Kuwait,19858555215,1992
KW,Kuwait,24848483838,1994
KW,Kuwait,30354434553,1997
KW,Kuwait,34890772742,2001
KW,Kuwait,38137545245,2002
KW,Kuwait,47875838926,2003
KW,Kuwait,80797945205,2005
KW,Kuwait,1.54028E+11,2011
KW,Kuwait,1.14567E+11,2015
KW,Kuwait,1.10876E+11,2016
AT,Austria,22059612417,1972
AT,Austria,29515467988,1973
AT,Austria,35189299985,1974
AT,Austria,40059206763,1975
AT,Austria,42959976068,1976
AT,Austria,51545759221,1977
AT,Austria,62052258694,1978
AT,Austria,73937296655,1979
AT,Austria,82058912465,1980
AT,Austria,71034228097,1981
AT,Austria,71275287328,1982
AT,Austria,67985345162,1984
AT,Austria,69386774475,1985
AT,Austria,99036165210,1986
AT,Austria,1.24168E+11,1987
AT,Austria,1.33339E+11,1988
AT,Austria,1.33106E+11,1989
AT,Austria,1.66463E+11,1990
AT,Austria,1.73794E+11,1991
AT,Austria,1.95078E+11,1992
AT,Austria,2.03535E+11,1994
AT,Austria,2.41038E+11,1995
AT,Austria,2.37251E+11,1996
AT,Austria,2.1279E+11,1997
AT,Austria,2.1826E+11,1998
AT,Austria,3.35999E+11,2006
AT,Austria,3.88691E+11,2007
AT,Austria,4.30294E+11,2008
AT,Austria,4.00172E+11,2009
AT,Austria,4.3112E+11,2011
AT,Austria,4.30069E+11,2013
AT,Austria,3.908E+11,2016
IN,India,70509913047,1972
IN,India,97159222028,1975
IN,India,1.01347E+11,1976
IN,India,1.19867E+11,1977
IN,India,1.50951E+11,1979
IN,India,1.8384E+11,1980
IN,India,1.9091E+11,1981
IN,India,1.98038E+11,1982
IN,India,2.15351E+11,1983
IN,India,2.09328E+11,1984
IN,India,2.2941E+11,1985
IN,India,2.45665E+11,1986
IN,India,2.75311E+11,1987
IN,India,2.92633E+11,1988
IN,India,2.92093E+11,1989
IN,India,3.16697E+11,1990
IN,India,2.66502E+11,1991
IN,India,2.84364E+11,1992
IN,India,3.2291E+11,1994
IN,India,3.55476E+11,1995
IN,India,3.87656E+11,1996
IN,India,4.1032E+11,1997
IN,India,4.15731E+11,1998
IN,India,4.527E+11,1999
IN,India,4.62147E+11,2000
IN,India,4.78965E+11,2001
IN,India,5.08069E+11,2002
IN,India,5.99593E+11,2003
IN,India,6.99689E+11,2004
IN,India,8.08901E+11,2005
IN,India,9.20317E+11,2006
IN,India,1.20111E+12,2007
IN,India,1.18695E+12,2008
IN,India,1.32394E+12,2009
IN,India,1.65662E+12,2010
IN,India,1.82305E+12,2011
IN,India,1.82764E+12,2012
IN,India,1.85672E+12,2013
IN,India,2.03539E+12,2014
IN,India,2.08987E+12,2015
IN,India,2.26379E+12,2016
FR,France,2.04283E+11,1972
FR,France,2.65382E+11,1973
FR,France,2.86526E+11,1974
FR,France,3.62001E+11,1975
FR,France,3.7341E+11,1976
FR,France,4.11464E+11,1977
FR,France,5.08183E+11,1978
FR,France,6.15834E+11,1979
FR,France,7.03525E+11,1980
FR,France,6.1759E+11,1981
FR,France,5.86837E+11,1982
FR,France,5.61852E+11,1983
FR,France,5.32649E+11,1984
FR,France,5.55197E+11,1985
FR,France,7.74556E+11,1986
FR,France,9.38368E+11,1987
FR,France,1.0235E+12,1988
FR,France,1.03012E+12,1989
FR,France,1.2753E+12,1990
FR,France,1.27556E+12,1991
FR,France,1.40872E+12,1992
FR,France,1.40164E+12,1994
FR,France,1.60989E+12,1995
FR,France,1.61425E+12,1996
FR,France,1.46071E+12,1997
FR,France,1.51076E+12,1998
FR,France,1.50028E+12,1999
FR,France,1.36844E+12,2000
FR,France,1.38222E+12,2001
FR,France,1.50034E+12,2002
FR,France,1.84812E+12,2003
FR,France,2.12411E+12,2004
FR,France,2.20368E+12,2005
FR,France,2.32501E+12,2006
FR,France,2.66311E+12,2007
FR,France,2.92347E+12,2008
FR,France,2.69383E+12,2009
FR,France,2.64684E+12,2010
FR,France,2.86268E+12,2011
FR,France,2.68142E+12,2012
FR,France,2.80851E+12,2013
FR,France,2.84931E+12,2014
FR,France,2.43356E+12,2015
FR,France,2.46545E+12,2016
DZ,Algeria,6761786387,1972
DZ,Algeria,17728347375,1976
DZ,Algeria,26364491313,1978
DZ,Algeria,33243422158,1979
DZ,Algeria,62045099643,1990
DZ,Algeria,45715367087,1991
DZ,Algeria,48003298223,1992
DZ,Algeria,42542571306,1994
DZ,Algeria,41764052458,1995
DZ,Algeria,46941496780,1996
DZ,Algeria,48177862502,1997
DZ,Algeria,48187747529,1998
DZ,Algeria,48640574567,1999
DZ,Algeria,54790245601,2000
DZ,Algeria,54744714396,2001
DZ,Algeria,56760288974,2002
DZ,Algeria,67863829880,2003
DZ,Algeria,85324998814,2004
DZ,Algeria,1.03198E+11,2005
DZ,Algeria,1.17027E+11,2006
DZ,Algeria,1.34977E+11,2007
DZ,Algeria,1.71001E+11,2008
DZ,Algeria,1.37211E+11,2009
DZ,Algeria,1.61207E+11,2010
DZ,Algeria,2.00019E+11,2011
DZ,Algeria,2.09059E+11,2012
DZ,Algeria,2.09755E+11,2013
DZ,Algeria,2.1381E+11,2014
DZ,Algeria,1.65874E+11,2015
DZ,Algeria,1.59049E+11,2016
SV,El Salvador,1263720000,1972
SV,El Salvador,1442320000,1973
SV,El Salvador,1665880000,1974
SV,El Salvador,1884120100,1975
SV,El Salvador,2328280100,1976
SV,El Salvador,2941640100,1977
SV,El Salvador,3127960000,1978
SV,El Salvador,3463639900,1979
SV,El Salvador,3573959900,1980
SV,El Salvador,3437200200,1981
SV,El Salvador,3399189100,1982
SV,El Salvador,3506347800,1983
SV,El Salvador,3661683400,1984
SV,El Salvador,3800368600,1985
SV,El Salvador,3771663200,1986
SV,El Salvador,3958045800,1987
SV,El Salvador,4189880000,1988
SV,El Salvador,4372215300,1989
SV,El Salvador,4800900000,1990
SV,El Salvador,5311000000,1991
SV,El Salvador,5954700000,1992
SV,El Salvador,8085600000,1994
SV,El Salvador,9500500000,1995
SV,El Salvador,10315500000,1996
SV,El Salvador,11134700000,1997
TH,Thailand,8177884553,1972
TH,Thailand,13703000530,1974
TH,Thailand,19779315170,1977
TH,Thailand,24006570178,1978
TH,Thailand,27371699083,1979
TH,Thailand,32353440727,1980
TH,Thailand,34846107862,1981
TH,Thailand,36589797857,1982
TH,Thailand,40042826244,1983
TH,Thailand,41797592963,1984
TH,Thailand,38900692712,1985
TH,Thailand,43096746122,1986
TH,Thailand,61667199835,1988
TH,Thailand,72250877410,1989
TH,Thailand,85343063966,1990
TH,Thailand,98234695722,1991
TH,Thailand,1.11453E+11,1992
TH,Thailand,1.46683E+11,1994
TH,Thailand,1.69279E+11,1995
TH,Thailand,1.83035E+11,1996
TH,Thailand,1.5018E+11,1997
TH,Thailand,1.13676E+11,1998
TH,Thailand,1.26669E+11,1999
TH,Thailand,1.26392E+11,2000
TH,Thailand,1.20297E+11,2001
TH,Thailand,1.34301E+11,2002
TH,Thailand,1.52281E+11,2003
TH,Thailand,1.72895E+11,2004
TH,Thailand,1.89318E+11,2005
TH,Thailand,2.21758E+11,2006
TH,Thailand,2.62943E+11,2007
TH,Thailand,2.91383E+11,2008
TH,Thailand,2.8171E+11,2009
TH,Thailand,3.41105E+11,2010
TH,Thailand,3.70819E+11,2011
TH,Thailand,3.9756E+11,2012
TH,Thailand,4.20529E+11,2013
TH,Thailand,4.06522E+11,2014
TH,Thailand,3.99235E+11,2015
TH,Thailand,4.07026E+11,2016
HT,Haiti,,1973
HT,Haiti,,1974
HT,Haiti,,1983
HT,Haiti,,1987
HT,Haiti,,1988
HT,Haiti,,1989
HT,Haiti,,1990
HT,Haiti,3473562850,1991
HT,Haiti,2257129874,1992
HT,Haiti,2167569095,1994
HT,Haiti,2813313282,1995
HT,Haiti,2907517543,1996
HT,Haiti,3338949152,1997
HT,Haiti,3723903724,1998
HT,Haiti,4153725967,1999
HT,Haiti,3953839594,2000
HT,Haiti,3596448035,2001
HT,Haiti,3472194099,2002
HT,Haiti,2960306121,2003
HT,Haiti,3537721020,2004
HT,Haiti,4310356253,2005
HT,Haiti,4756204070,2006
HT,Haiti,5885321656,2007
HT,Haiti,8022638722,2016
SD,Sudan,3571666667,1973
SD,Sudan,10016500000,1981
SD,Sudan,9240000000,1982
SD,Sudan,8230153846,1983
SD,Sudan,9701357143,1984
SD,Sudan,15769062500,1986
SD,Sudan,20155555556,1987
SD,Sudan,15399166667,1988
SD,Sudan,15291507937,1989
SD,Sudan,12408647541,1990
SD,Sudan,11379222222,1991
SD,Sudan,7034219713,1992
SD,Sudan,12794192334,1994
SD,Sudan,13829744879,1995
SD,Sudan,9018243044,1996
SD,Sudan,11681494637,1997
SD,Sudan,10682045258,1999
SD,Sudan,12257418326,2000
SD,Sudan,13182979784,2001
SD,Sudan,14803189093,2002
SD,Sudan,21457470203,2004
SD,Sudan,26524538566,2005
SD,Sudan,35822408612,2006
SD,Sudan,45898948564,2007
SD,Sudan,54526580232,2008
SD,Sudan,53150209168,2009
SD,Sudan,65634109237,2010
SD,Sudan,67327289320,2011
SD,Sudan,68125631150,2012
SD,Sudan,72065940086,2013
SD,Sudan,82151588419,2014
SD,Sudan,97156119150,2015
SD,Sudan,95584380032,2016
MA,Morocco,6242177798,1973
MA,Morocco,9584323309,1976
MA,Morocco,13236854105,1978
MA,Morocco,15912133569,1979
MA,Morocco,14991283216,1985
MA,Morocco,19462175322,1986
MA,Morocco,21765261042,1987
MA,Morocco,32285388165,1991
MA,Morocco,33711069431,1992
MA,Morocco,35604137423,1994
MA,Morocco,39030285468,1995
MA,Morocco,43161452678,1996
MA,Morocco,52064058834,2003
MA,Morocco,79041294874,2007
MA,Morocco,1.0137E+11,2011
MA,Morocco,1.01187E+11,2015
CY,Cyprus,,1973
CY,Cyprus,489914760.7,1975
CY,Cyprus,734887974,1977
CY,Cyprus,964026512.2,1978
CY,Cyprus,1288715210,1979
CY,Cyprus,2154311277,1980
CY,Cyprus,2087496374,1981
CY,Cyprus,2159242417,1982
CY,Cyprus,2160364071,1983
CY,Cyprus,2278248953,1984
CY,Cyprus,2430411900,1985
CY,Cyprus,3090734463,1986
CY,Cyprus,3704813886,1987
CY,Cyprus,4278792597,1988
CY,Cyprus,4563482604,1989
CY,Cyprus,5591130218,1990
CY,Cyprus,5770197348,1991
CY,Cyprus,6912150456,1992
CY,Cyprus,7425703929,1994
CY,Cyprus,9826778784,1995
CY,Cyprus,9899623588,1996
CY,Cyprus,10353506787,1998
CY,Cyprus,10614455232,1999
CY,Cyprus,10183317625,2000
CY,Cyprus,10567304189,2001
CY,Cyprus,17422375000,2004
CY,Cyprus,24077470572,2007
CY,Cyprus,25041372222,2012
CY,Cyprus,24084572491,2013
CY,Cyprus,23359294149,2014
CY,Cyprus,19676167240,2015
CY,Cyprus,20047013274,2016
MM,Myanmar,,1973
MM,Myanmar,,1976
MM,Myanmar,,1979
MM,Myanmar,,1980
MM,Myanmar,,1982
MM,Myanmar,,1983
MM,Myanmar,,1987
MM,Myanmar,,1988
MM,Myanmar,,1989
MM,Myanmar,,1990
MM,Myanmar,,1991
MM,Myanmar,,1992
MM,Myanmar,,1994
MM,Myanmar,,1995
MM,Myanmar,,1996
MM,Myanmar,,1997
MM,Myanmar,,1999
MM,Myanmar,6477790688,2001
MM,Myanmar,6777632512,2002
MM,Myanmar,10467109978,2003
MM,Myanmar,10567354056,2004
MM,Myanmar,11986972419,2005
MM,Myanmar,14502553710,2006
MM,Myanmar,20182477481,2007
MM,Myanmar,31862554102,2008
MM,Myanmar,36906181381,2009
MM,Myanmar,49540813342,2010
MM,Myanmar,59977326086,2011
MM,Myanmar,59937797559,2012
MM,Myanmar,60269734045,2013
MM,Myanmar,65446402659,2014
MM,Myanmar,59687373958,2015
MM,Myanmar,63225097051,2016
AF,Afghanistan,1733333264,1973
AF,Afghanistan,3697940410,1979
AF,Afghanistan,,1987
AF,Afghanistan,,1988
AF,Afghanistan,,1989
AF,Afghanistan,,1990
AF,Afghanistan,,1991
AF,Afghanistan,,1992
AF,Afghanistan,,1994
AF,Afghanistan,,1995
AF,Afghanistan,,1996
AF,Afghanistan,,1997
AF,Afghanistan,,1998
AF,Afghanistan,,1999
AF,Afghanistan,,2000
AF,Afghanistan,2461665938,2001
AF,Afghanistan,4128820723,2002
AF,Afghanistan,4583644246,2003
AF,Afghanistan,5285465686,2004
AF,Afghanistan,6275073572,2005
AF,Afghanistan,7057598407,2006
AF,Afghanistan,9843842455,2007
AF,Afghanistan,10190529882,2008
AF,Afghanistan,12486943506,2009
AF,Afghanistan,15936800636,2010
AF,Afghanistan,17930239400,2011
AF,Afghanistan,20536542737,2012
AF,Afghanistan,20046334304,2013
AF,Afghanistan,20050189882,2014
AF,Afghanistan,19215562179,2015
AF,Afghanistan,19469022208,2016
PE,Peru,10994381895,1973
PE,Peru,13858441211,1974
PE,Peru,16877163792,1975
PE,Peru,14620386674,1977
PE,Peru,12495779622,1978
PE,Peru,15962459447,1979
PE,Peru,18134029180,1980
PE,Peru,21649137620,1981
PE,Peru,21793496819,1982
PE,Peru,17345624454,1983
PE,Peru,17599660054,1984
PE,Peru,16548827018,1985
PE,Peru,15244232958,1986
PE,Peru,20702298397,1987
PE,Peru,15439408447,1988
PE,Peru,22499559086,1989
PE,Peru,26410386669,1990
PE,Peru,34672122381,1991
PE,Peru,36139225288,1992
PE,Peru,44882079767,1994
PE,Peru,53312793687,1995
PE,Peru,55252414130,1996
PE,Peru,58147522523,1997
PE,Peru,55501467877,1998
PE,Peru,50187324568,1999
PE,Peru,51744749133,2000
PE,Peru,52030158775,2001
PE,Peru,54777553515,2002
PE,Peru,58731030122,2003
PE,Peru,66768703498,2004
PE,Peru,76060606061,2005
PE,Peru,88643193062,2006
PE,Peru,1.02171E+11,2007
PE,Peru,1.20551E+11,2008
PE,Peru,1.20823E+11,2009
PE,Peru,1.92649E+11,2012
PE,Peru,2.01218E+11,2013
PE,Peru,2.0105E+11,2014
PE,Peru,1.89212E+11,2015
PE,Peru,1.92207E+11,2016
CL,Chile,16836261173,1973
CL,Chile,10341925249,1976
CL,Chile,13962893422,1977
CL,Chile,15989933708,1978
CL,Chile,21803696985,1979
CL,Chile,29036709872,1980
CL,Chile,34509878044,1981
CL,Chile,25325893206,1982
CL,Chile,20355959237,1983
CL,Chile,19622527480,1984
CL,Chile,17702885394,1985
CL,Chile,18891048819,1986
CL,Chile,22255407685,1987
CL,Chile,26040229793,1988
CL,Chile,29885685143,1989
CL,Chile,33113887818,1990
CL,Chile,37834793730,1991
CL,Chile,45964327559,1992
CL,Chile,57008425296,1994
CL,Chile,73447063319,1995
CL,Chile,78039572222,1996
CL,Chile,84952360922,1997
CL,Chile,81577430181,1998
CL,Chile,75173794497,1999
CL,Chile,77860932152,2000
CL,Chile,70979923960,2001
CL,Chile,69736811435,2002
CL,Chile,75643459840,2003
CL,Chile,1.54788E+11,2006
CL,Chile,1.73606E+11,2007
CL,Chile,1.79638E+11,2008
CL,Chile,1.72389E+11,2009
CL,Chile,2.18538E+11,2010
CL,Chile,2.52252E+11,2011
CL,Chile,2.67122E+11,2012
CL,Chile,2.78384E+11,2013
CL,Chile,2.6099E+11,2014
CL,Chile,2.42518E+11,2015
CL,Chile,2.47028E+11,2016
HN,Honduras,912499950,1973
HN,Honduras,2251499950,1979
HN,Honduras,2566000050,1980
HN,Honduras,2819500000,1981
HN,Honduras,2903500050,1982
HN,Honduras,3076999950,1983
HN,Honduras,3319000000,1984
HN,Honduras,3639499950,1985
HN,Honduras,3808500050,1986
HN,Honduras,4152499950,1987
HN,Honduras,3970386266,1988
HN,Honduras,3563448310,1989
HN,Honduras,3048881323,1990
HN,Honduras,3068444712,1991
HN,Honduras,3419487441,1992
HN,Honduras,3432356579,1994
HN,Honduras,3911053180,1995
HN,Honduras,4034037162,1996
HN,Honduras,4663193916,1997
HN,Honduras,7775078403,2002
HN,Honduras,8772194250,2004
HN,Honduras,14587496229,2009
HN,Honduras,17710315006,2011
HN,Honduras,18496438641,2013
HN,Honduras,19756494435,2014
HN,Honduras,21516938910,2016
EC,Ecuador,3891755552,1973
EC,Ecuador,6599259421,1974
EC,Ecuador,9091924305,1976
EC,Ecuador,11026346590,1977
EC,Ecuador,11922502171,1978
EC,Ecuador,14175166008,1979
EC,Ecuador,17881514683,1980
EC,Ecuador,21810767209,1981
EC,Ecuador,19929853575,1982
EC,Ecuador,17152483214,1983
EC,Ecuador,16912515183,1984
EC,Ecuador,17149094590,1985
EC,Ecuador,15314143988,1986
EC,Ecuador,13945431882,1987
EC,Ecuador,13051886552,1988
EC,Ecuador,13890828708,1989
EC,Ecuador,15239278100,1990
EC,Ecuador,16988535268,1991
EC,Ecuador,18094238119,1992
EC,Ecuador,22708673337,1994
EC,Ecuador,24432884442,1995
EC,Ecuador,25226393197,1996
EC,Ecuador,28162053027,1997
EC,Ecuador,27981896948,1998
EC,Ecuador,19645272636,1999
EC,Ecuador,18327764882,2000
EC,Ecuador,24468324000,2001
EC,Ecuador,28548945000,2002
EC,Ecuador,32432859000,2003
EC,Ecuador,36591661000,2004
EC,Ecuador,61762635000,2008
EC,Ecuador,62519686000,2009
EC,Ecuador,79276664000,2011
EC,Ecuador,87924544000,2012
EC,Ecuador,95129659000,2013
EC,Ecuador,99290381000,2015
EC,Ecuador,98613972000,2016
NZ,New Zealand,12802281898,1973
NZ,New Zealand,24417617184,1981
NZ,New Zealand,21665456808,1984
NZ,New Zealand,42745329732,1991
NZ,New Zealand,55315342817,1994
NZ,New Zealand,70140835299,1996
NZ,New Zealand,66074513018,1997
NZ,New Zealand,53872425917,2001
NZ,New Zealand,88250885550,2003
NZ,New Zealand,1.3328E+11,2008
NZ,New Zealand,2.00696E+11,2014
NZ,New Zealand,1.84969E+11,2016
PT,Portugal,15092052330,1973
PT,Portugal,19349512941,1975
PT,Portugal,20334835544,1976
PT,Portugal,21441635411,1977
PT,Portugal,23489924726,1978
PT,Portugal,26625439344,1979
PT,Portugal,32899759311,1980
PT,Portugal,31980423453,1981
PT,Portugal,30530759334,1982
PT,Portugal,27242331886,1983
PT,Portugal,25220451794,1984
PT,Portugal,27118476174,1985
PT,Portugal,38749715722,1986
PT,Portugal,56352797354,1988
PT,Portugal,60600056659,1989
PT,Portugal,1.07603E+11,1992
PT,Portugal,99698453261,1994
PT,Portugal,1.18134E+11,1995
PT,Portugal,2.44895E+11,2011
MY,Malaysia,7662996767,1973
MY,Malaysia,9298800799,1975
MY,Malaysia,13139397879,1977
MY,Malaysia,21213672089,1979
MY,Malaysia,30346788438,1983
MY,Malaysia,27734562640,1986
MY,Malaysia,35271880250,1988
MY,Malaysia,38848567631,1989
MY,Malaysia,44024178343,1990
MY,Malaysia,49142784405,1991
MY,Malaysia,59167157498,1992
MY,Malaysia,93789736842,2000
MY,Malaysia,92783947368,2001
MY,Malaysia,2.30814E+11,2008
MY,Malaysia,2.02258E+11,2009
MY,Malaysia,3.14443E+11,2012
MY,Malaysia,3.23277E+11,2013
MY,Malaysia,3.38062E+11,2014
MY,Malaysia,2.96434E+11,2015
MY,Malaysia,2.96536E+11,2016
SG,Singapore,5216773826,1974
SG,Singapore,19138296376,1985
SG,Singapore,20897630201,1987
SG,Singapore,45474442836,1991
SG,Singapore,52156414979,1992
SG,Singapore,73777792327,1994
BW,Botswana,306033848.4,1974
BW,Botswana,1114764007,1985
BW,Botswana,1965274882,1987
BW,Botswana,2644536804,1988
BW,Botswana,3083800685,1989
BW,Botswana,3790567052,1990
BW,Botswana,4730611067,1995
JM,Jamaica,2375096249,1974
JM,Jamaica,2966010230,1976
JM,Jamaica,2425033998,1979
JM,Jamaica,2679409453,1980
JM,Jamaica,2979061412,1981
JM,Jamaica,2754566176,1986
JM,Jamaica,4071219198,1991
JM,Jamaica,3530892749,1992
JM,Jamaica,4907861406,1994
JM,Jamaica,5779285208,1995
JM,Jamaica,6504445801,1996
JM,Jamaica,7450324787,1997
JM,Jamaica,12824094990,2007
JM,Jamaica,13897723431,2014
TD,Chad,652532796.1,1974
TD,Chad,919103735.3,1984
TD,Chad,1033069710,1985
TD,Chad,1067828247,1986
TD,Chad,1877138042,1991
TD,Chad,1881847677,1992
TD,Chad,1179837955,1994
TD,Chad,1445919970,1995
TD,Chad,1607345450,1996
TD,Chad,1544689503,1997
TD,Chad,1744794457,1998
TD,Chad,1534673583,1999
TD,Chad,1987622279,2002
TD,Chad,7422102656,2006
TD,Chad,8638711443,2007
TD,Chad,10351932604,2008
TD,Chad,9253484108,2009
TD,Chad,10657705536,2010
TD,Chad,13922223234,2014
TD,Chad,10888798114,2015
TD,Chad,9600761474,2016
AD,Andorra,186558696.3,1974
AE,United Arab Emirates,,1974
AE,United Arab Emirates,24871775165,1977
AE,United Arab Emirates,23775831783,1978
AE,United Arab Emirates,31225463218,1979
AE,United Arab Emirates,43598748449,1980
AE,United Arab Emirates,49333424135,1981
AE,United Arab Emirates,42803323345,1983
AE,United Arab Emirates,40603650232,1985
AE,United Arab Emirates,33943612095,1986
AE,United Arab Emirates,41464995914,1989
AE,United Arab Emirates,54239171888,1992
AE,United Arab Emirates,65743666576,1995
AE,United Arab Emirates,2.8988E+11,2010
AE,United Arab Emirates,3.90427E+11,2013
AE,United Arab Emirates,4.03198E+11,2014
ZA,South Africa,36806475350,1974
ZA,South Africa,36601885925,1976
ZA,South Africa,40649724011,1977
ZA,South Africa,46737580497,1978
ZA,South Africa,57647268409,1979
ZA,South Africa,82984078069,1980
ZA,South Africa,89629496833,1981
ZA,South Africa,82696902010,1982
ZA,South Africa,88786580363,1983
ZA,South Africa,87880468269,1984
ZA,South Africa,69208451593,1985
ZA,South Africa,82107924006,1986
ZA,South Africa,1.07415E+11,1987
ZA,South Africa,1.18332E+11,1988
ZA,South Africa,1.28903E+11,1989
ZA,South Africa,1.15553E+11,1990
ZA,South Africa,1.23943E+11,1991
ZA,South Africa,1.34545E+11,1992
ZA,South Africa,1.39752E+11,1994
ZA,South Africa,1.5546E+11,1995
ZA,South Africa,1.47608E+11,1996
ZA,South Africa,1.52586E+11,1997
ZA,South Africa,1.37774E+11,1998
ZA,South Africa,1.36632E+11,1999
ZA,South Africa,1.36362E+11,2000
ZA,South Africa,1.15748E+11,2002
ZA,South Africa,2.99034E+11,2007
ZA,South Africa,2.871E+11,2008
ZA,South Africa,3.96333E+11,2012
ZA,South Africa,3.6681E+11,2013
ZA,South Africa,3.51119E+11,2014
ZA,South Africa,3.17611E+11,2015
ZA,South Africa,2.95456E+11,2016
KE,Kenya,3259344936,1975
KE,Kenya,3474542392,1976
KE,Kenya,5303734883,1978
KE,Kenya,7265315332,1980
KE,Kenya,8283114648,1989
KE,Kenya,8151479004,1991
KE,Kenya,8209129172,1992
KE,Kenya,7148145376,1994
KE,Kenya,9046326060,1995
KE,Kenya,12045858436,1996
KE,Kenya,13115773738,1997
KE,Kenya,14093998844,1998
KE,Kenya,12705357103,2000
KE,Kenya,12986007426,2001
KE,Kenya,13147743911,2002
KE,Kenya,14904517650,2003
KE,Kenya,18737897745,2005
KE,Kenya,25825524821,2006
KE,Kenya,31958195182,2007
KE,Kenya,35895153328,2008
KE,Kenya,37021512049,2009
KE,Kenya,39999659234,2010
KE,Kenya,41953433591,2011
KE,Kenya,50412754822,2012
KE,Kenya,55097343448,2013
KE,Kenya,61445345999,2014
KE,Kenya,63767539357,2015
KE,Kenya,70529014778,2016
IQ,Iraq,13458516763,1975
IQ,Iraq,17754825601,1976
IQ,Iraq,37816457839,1979
IQ,Iraq,53405689130,1980
IQ,Iraq,38424991534,1981
IQ,Iraq,42595309883,1982
IQ,Iraq,40595046639,1983
IQ,Iraq,46802508845,1984
IQ,Iraq,56609842393,1987
IQ,Iraq,62503055645,1988
IQ,Iraq,65641363783,1989
IQ,Iraq,,1991
IQ,Iraq,,1992
IQ,Iraq,,1994
IQ,Iraq,,1995
IQ,Iraq,,1996
IQ,Iraq,,1997
IQ,Iraq,,1998
IQ,Iraq,,1999
IQ,Iraq,,2000
IQ,Iraq,,2001
IQ,Iraq,,2002
IQ,Iraq,,2003
IQ,Iraq,36627901762,2004
IQ,Iraq,49954890353,2005
IQ,Iraq,65140293688,2006
IQ,Iraq,88840050497,2007
IQ,Iraq,1.31614E+11,2008
IQ,Iraq,1.11661E+11,2009
IQ,Iraq,1.38517E+11,2010
IQ,Iraq,1.8575E+11,2011
IQ,Iraq,2.18001E+11,2012
IQ,Iraq,2.34648E+11,2013
IQ,Iraq,2.34648E+11,2014
IQ,Iraq,1.7964E+11,2015
IQ,Iraq,1.71489E+11,2016
SO,Somalia,,1975
SO,Somalia,,1980
SO,Somalia,,1981
SO,Somalia,,1983
SO,Somalia,,1984
SO,Somalia,,1987
SO,Somalia,,1988
SO,Somalia,,1989
SO,Somalia,,1990
SO,Somalia,,1991
SO,Somalia,,1992
SO,Somalia,,1994
SO,Somalia,,1995
SO,Somalia,,1996
SO,Somalia,,1997
SO,Somalia,,1998
SO,Somalia,,1999
SO,Somalia,,2000
SO,Somalia,,2001
SO,Somalia,,2002
SO,Somalia,,2003
SO,Somalia,,2004
SO,Somalia,,2005
SO,Somalia,,2006
SO,Somalia,,2007
SO,Somalia,,2008
SO,Somalia,,2009
SO,Somalia,,2010
SO,Somalia,,2011
SO,Somalia,,2012
SO,Somalia,5352000000,2013
SO,Somalia,5647000000,2014
SO,Somalia,5925000000,2015
SO,Somalia,6217000000,2016
LK,Sri Lanka,3791298146,1975
LK,Sri Lanka,3364611432,1979
LK,Sri Lanka,4415844156,1981
LK,Sri Lanka,4768765017,1982
LK,Sri Lanka,5167913302,1983
LK,Sri Lanka,6043474843,1984
LK,Sri Lanka,5978460972,1985
LK,Sri Lanka,6405210564,1986
LK,Sri Lanka,6682167120,1987
LK,Sri Lanka,6978371581,1988
LK,Sri Lanka,6987267684,1989
LK,Sri Lanka,8032551173,1990
LK,Sri Lanka,9000362582,1991
LK,Sri Lanka,9703011636,1992
LK,Sri Lanka,11717604209,1994
LK,Sri Lanka,13029697561,1995
LK,Sri Lanka,13897738375,1996
LK,Sri Lanka,15091913884,1997
LK,Sri Lanka,15794972847,1998
LK,Sri Lanka,15656327860,1999
LK,Sri Lanka,16330814180,2000
LK,Sri Lanka,15746229582,2001
LK,Sri Lanka,16536535647,2002
LK,Sri Lanka,18881765437,2003
LK,Sri Lanka,20662525941,2004
LK,Sri Lanka,24406252457,2005
LK,Sri Lanka,28279814925,2006
LK,Sri Lanka,32350248411,2007
LK,Sri Lanka,40713812310,2008
LK,Sri Lanka,42066217872,2009
LK,Sri Lanka,56725745039,2010
LK,Sri Lanka,68434399083,2012
LK,Sri Lanka,74317806755,2013
LK,Sri Lanka,79356456990,2014
LK,Sri Lanka,80611989527,2015
LK,Sri Lanka,81321876307,2016
BS,"Bahamas, The",642100000,1976
BS,"Bahamas, The",1426500000,1981
BS,"Bahamas, The",4961119000,1997
BS,"Bahamas, The",10677200000,2013
BB,Barbados,,1976
BB,Barbados,1950900000,1992
TT,Trinidad and Tobago,2500410584,1976
TT,Trinidad and Tobago,4602416625,1979
TT,Trinidad and Tobago,6992083333,1981
TT,Trinidad and Tobago,7763750000,1983
TT,Trinidad and Tobago,4323058824,1989
TT,Trinidad and Tobago,5307905882,1991
TT,Trinidad and Tobago,5439552941,1992
TT,Trinidad and Tobago,4947205860,1994
TT,Trinidad and Tobago,5329214163,1995
TT,Trinidad and Tobago,5759537726,1996
TT,Trinidad and Tobago,15982282462,2005
TT,Trinidad and Tobago,22157948396,2010
TT,Trinidad and Tobago,26436159315,2013
TT,Trinidad and Tobago,23559224762,2015
BD,Bangladesh,9651149302,1977
BD,Bangladesh,15565480322,1979
BD,Bangladesh,18138049096,1980
BD,Bangladesh,20249694002,1981
BD,Bangladesh,18525399202,1982
BD,Bangladesh,18920840000,1984
BD,Bangladesh,22278423077,1985
BD,Bangladesh,21774033333,1986
BD,Bangladesh,24298032258,1987
BD,Bangladesh,26579005760,1988
BD,Bangladesh,28781714764,1989
BD,Bangladesh,31598341234,1990
BD,Bangladesh,30957483291,1991
BD,Bangladesh,31708873955,1992
BD,Bangladesh,33768662171,1994
BD,Bangladesh,37939748051,1995
BD,Bangladesh,46438482370,1996
BD,Bangladesh,48244308275,1997
BD,Bangladesh,49984559471,1998
BD,Bangladesh,51270569884,1999
BD,Bangladesh,53369787319,2000
BD,Bangladesh,53991289844,2001
BD,Bangladesh,54724081491,2002
BD,Bangladesh,60158929188,2003
BD,Bangladesh,65108544250,2004
BD,Bangladesh,69442943089,2005
BD,Bangladesh,71819083684,2006
BD,Bangladesh,79611888213,2007
BD,Bangladesh,91631278239,2008
BD,Bangladesh,1.02478E+11,2009
BD,Bangladesh,1.15279E+11,2010
BD,Bangladesh,1.28638E+11,2011
BD,Bangladesh,1.33356E+11,2012
BD,Bangladesh,1.4999E+11,2013
BD,Bangladesh,1.72885E+11,2014
BD,Bangladesh,1.95079E+11,2015
BD,Bangladesh,2.21415E+11,2016
AO,Angola,,1977
AO,Angola,,1978
AO,Angola,,1979
AO,Angola,,1981
AO,Angola,,1982
AO,Angola,,1983
AO,Angola,,1984
AO,Angola,6684491979,1985
AO,Angola,6684491979,1986
AO,Angola,6684491979,1987
AO,Angola,6684491979,1988
AO,Angola,10026737968,1989
AO,Angola,10026737968,1990
AO,Angola,12118610904,1991
AO,Angola,5684291719,1992
AO,Angola,4059352153,1994
AO,Angola,5039552482,1995
AO,Angola,7526446606,1996
AO,Angola,7648377413,1997
AO,Angola,6445041825,1998
AO,Angola,6152922943,1999
AO,Angola,9129594819,2000
AO,Angola,8936063723,2001
AO,Angola,12497346670,2002
AO,Angola,75492384801,2009
AO,Angola,82470913121,2010
AO,Angola,95335111741,2016
MR,Mauritania,540635389.6,1977
MR,Mauritania,1442598431,1996
MR,Mauritania,1833444740,2004
MR,Mauritania,2184444849,2005
MR,Mauritania,3978425881,2008
MR,Mauritania,3670515288,2009
MR,Mauritania,4343665075,2010
MR,Mauritania,5179690136,2011
SA,Saudi Arabia,74188249979,1977
SA,Saudi Arabia,1.1186E+11,1979
SA,Saudi Arabia,1.19625E+11,1984
SA,Saudi Arabia,1.03898E+11,1985
SA,Saudi Arabia,86961922765,1986
SA,Saudi Arabia,88256074766,1988
SA,Saudi Arabia,95344459279,1989
SA,Saudi Arabia,1.32223E+11,1991
SA,Saudi Arabia,1.35175E+11,1994
SA,Saudi Arabia,1.43343E+11,1995
SA,Saudi Arabia,1.58662E+11,1996
SA,Saudi Arabia,1.89515E+11,2000
SA,Saudi Arabia,1.84137E+11,2001
SA,Saudi Arabia,1.89606E+11,2002
SA,Saudi Arabia,2.15808E+11,2003
SA,Saudi Arabia,2.58742E+11,2004
SA,Saudi Arabia,3.2846E+11,2005
SA,Saudi Arabia,3.769E+11,2006
SA,Saudi Arabia,4.15965E+11,2007
SA,Saudi Arabia,4.29098E+11,2009
SA,Saudi Arabia,6.71239E+11,2011
SA,Saudi Arabia,7.35975E+11,2012
SA,Saudi Arabia,7.46647E+11,2013
SA,Saudi Arabia,7.5635E+11,2014
SA,Saudi Arabia,6.51757E+11,2015
SA,Saudi Arabia,6.46438E+11,2016
DJ,Djibouti,,1977
DJ,Djibouti,,1979
DJ,Djibouti,373371738.3,1987
DJ,Djibouti,395794538.6,1988
DJ,Djibouti,452328087.3,1990
DJ,Djibouti,462421998.5,1991
DJ,Djibouti,478058304.9,1992
DJ,Djibouti,491689220.7,1994
DJ,Djibouti,497723960.6,1995
DJ,Djibouti,502675542,1997
DJ,Djibouti,666072101.8,2004
DJ,Djibouti,1588000000,2014
DJ,Djibouti,1727000000,2015
ID,Indonesia,48773959624,1977
ID,Indonesia,54786260044,1978
ID,Indonesia,91053516660,1981
ID,Indonesia,90345970378,1984
ID,Indonesia,90809969344,1985
ID,Indonesia,85129207948,1986
ID,Indonesia,1.00565E+11,1989
ID,Indonesia,1.13011E+11,1990
ID,Indonesia,1.24171E+11,1991
ID,Indonesia,1.36314E+11,1992
ID,Indonesia,1.88342E+11,1994
ID,Indonesia,2.15215E+11,1995
ID,Indonesia,2.42086E+11,1996
ID,Indonesia,2.29714E+11,1997
ID,Indonesia,1.01623E+11,1998
ID,Indonesia,1.49063E+11,1999
ID,Indonesia,1.75702E+11,2000
ID,Indonesia,1.70832E+11,2001
ID,Indonesia,2.08325E+11,2002
ID,Indonesia,2.49968E+11,2003
ID,Indonesia,2.73461E+11,2004
ID,Indonesia,3.04372E+11,2005
ID,Indonesia,3.88168E+11,2006
ID,Indonesia,4.60193E+11,2007
ID,Indonesia,5.43254E+11,2008
ID,Indonesia,5.74505E+11,2009
ID,Indonesia,7.55094E+11,2010
ID,Indonesia,8.92969E+11,2011
ID,Indonesia,9.1787E+11,2012
ID,Indonesia,9.12524E+11,2013
ID,Indonesia,8.90815E+11,2014
ID,Indonesia,8.61256E+11,2015
ID,Indonesia,9.32259E+11,2016
MT,Malta,625573345.5,1977
MT,Malta,1101828569,1984
MT,Malta,1117835286,1985
MT,Malta,1435079200,1986
MT,Malta,1751247763,1987
MT,Malta,3021910217,1992
MT,Malta,3439931907,1995
MT,Malta,3705372039,1997
MT,Malta,11217780149,2014
MT,Malta,10285547954,2015
DK,Denmark,60362854967,1978
DK,Denmark,70366280175,1979
DK,Denmark,71127592754,1980
DK,Denmark,61877755005,1981
DK,Denmark,62658544411,1985
DK,Denmark,88078729452,1986
DK,Denmark,1.09414E+11,1987
DK,Denmark,1.15553E+11,1988
DK,Denmark,1.12409E+11,1989
DK,Denmark,1.39225E+11,1991
DK,Denmark,1.52916E+11,1992
DK,Denmark,1.85007E+11,1995
DK,Denmark,1.77965E+11,1999
DK,Denmark,3.53361E+11,2008
DK,Denmark,3.21995E+11,2010
DK,Denmark,3.43584E+11,2013
DK,Denmark,3.01298E+11,2015
DK,Denmark,3.069E+11,2016
GY,Guyana,507080000,1978
GY,Guyana,530440000,1979
GY,Guyana,603200000,1980
GY,Guyana,570357107.1,1981
GY,Guyana,396582263.3,1990
GY,Guyana,368281378.9,1992
GY,Guyana,749138009.6,1997
GY,Guyana,717530683.2,1998
GY,Guyana,696281471.7,2001
GY,Guyana,722460886.4,2002
GY,Guyana,741929342.8,2003
GY,Guyana,1458449453,2006
GY,Guyana,1922598121,2008
GY,Guyana,3502397094,2016
MZ,Mozambique,,1978
MZ,Mozambique,,1979
MZ,Mozambique,3537099150,1981
MZ,Mozambique,3612171958,1982
MZ,Mozambique,3236430348,1983
MZ,Mozambique,3376172170,1984
MZ,Mozambique,4456240741,1985
MZ,Mozambique,5247193069,1986
MZ,Mozambique,2354117303,1987
MZ,Mozambique,2093571674,1988
MZ,Mozambique,2314159887,1989
MZ,Mozambique,2512079324,1990
MZ,Mozambique,3263761938,1991
MZ,Mozambique,2291175765,1992
MZ,Mozambique,2460670288,1994
MZ,Mozambique,2521738760,1995
MZ,Mozambique,5302532113,1999
MZ,Mozambique,5016469069,2000
MZ,Mozambique,9366742309,2007
MZ,Mozambique,14534278446,2012
MZ,Mozambique,16018848991,2013
MZ,Mozambique,16961127046,2014
MZ,Mozambique,14798439527,2015
MZ,Mozambique,11014858592,2016
TN,Tunisia,7188191882,1979
TN,Tunisia,8744134354,1980
TN,Tunisia,9018136020,1986
TN,Tunisia,9696271268,1987
TN,Tunisia,13074782609,1991
TN,Tunisia,15632463424,1994
TN,Tunisia,18030876599,1995
TN,Tunisia,21473188882,2000
TN,Tunisia,22066101341,2001
TN,Tunisia,23142294436,2002
TN,Tunisia,38908069299,2007
TN,Tunisia,44856586316,2008
TN,Tunisia,45810626509,2011
TN,Tunisia,45044112939,2012
TN,Tunisia,46251061734,2013
TN,Tunisia,47587913059,2014
TN,Tunisia,43156708809,2015
TN,Tunisia,42062549395,2016
UG,Uganda,2139025000,1979
UG,Uganda,1337300000,1981
UG,Uganda,2177500000,1982
UG,Uganda,2240333333,1983
UG,Uganda,3615647477,1984
UG,Uganda,3519666339,1985
UG,Uganda,3923232122,1986
UG,Uganda,6269511615,1987
UG,Uganda,6508931652,1988
UG,Uganda,5276480986,1989
UG,Uganda,4304398866,1990
UG,Uganda,3321729057,1991
UG,Uganda,2857457860,1992
UG,Uganda,3990430447,1994
UG,Uganda,5755818947,1995
UG,Uganda,6044585327,1996
UG,Uganda,6269333313,1997
UG,Uganda,6584815847,1998
UG,Uganda,5998563258,1999
UG,Uganda,6193246837,2000
UG,Uganda,5840503869,2001
UG,Uganda,6178563591,2002
UG,Uganda,6336696289,2003
UG,Uganda,7940362799,2004
UG,Uganda,9013834373,2005
UG,Uganda,12292813603,2007
UG,Uganda,14239026630,2008
UG,Uganda,18168902154,2009
UG,Uganda,20186496527,2010
UG,Uganda,23132149257,2012
UG,Uganda,27295207928,2014
UG,Uganda,27059447775,2015
UG,Uganda,24078931933,2016
NO,Norway,53132244624,1979
NO,Norway,63596654761,1981
NO,Norway,94230055659,1987
NO,Norway,1.21872E+11,1991
NO,Norway,1.30838E+11,1992
NO,Norway,1.27131E+11,1994
NO,Norway,1.63518E+11,1996
NO,Norway,1.74003E+11,2001
NO,Norway,2.28752E+11,2003
NO,Norway,3.45425E+11,2006
NO,Norway,4.29131E+11,2010
NO,Norway,4.98832E+11,2011
PL,Poland,,1979
PL,Poland,,1981
PL,Poland,65977749038,1990
PL,Poland,94337050693,1992
PL,Poland,1.10803E+11,1994
PL,Poland,1.42137E+11,1995
PL,Poland,1.59943E+11,1996
PL,Poland,1.59118E+11,1997
PL,Poland,1.74388E+11,1998
PL,Poland,1.90521E+11,2001
PL,Poland,4.71364E+11,2016
LS,Lesotho,290142517.8,1979
LS,Lesotho,434188034.2,1981
LS,Lesotho,348746822.6,1982
LS,Lesotho,386699308.9,1983
LS,Lesotho,333158476.2,1984
LS,Lesotho,470389179.7,1988
LS,Lesotho,878250450.6,1994
LS,Lesotho,1800105590,2006
LS,Lesotho,1865963015,2009
LS,Lesotho,2505886025,2015
GA,Gabon,3030251116,1979
GA,Gabon,4190819314,1994
GA,Gabon,5694040337,1996
GA,Gabon,5326816859,1997
LY,Libya,,1979
LY,Libya,,1980
LY,Libya,,1984
LY,Libya,33881392045,1992
LY,Libya,25544128199,1995
LY,Libya,27884615385,1996
LY,Libya,67516236338,2007
LY,Libya,87140405361,2008
LY,Libya,34699395524,2011
LY,Libya,,2012
LY,Libya,,2013
LY,Libya,,2014
LY,Libya,,2015
LY,Libya,,2016
BH,Bahrain,,1979
BH,Bahrain,3072698328,1980
BH,Bahrain,4616223404,1991
BH,Bahrain,5567553457,1994
BH,Bahrain,5849467819,1995
BH,Bahrain,6101861436,1996
BH,Bahrain,6349202394,1997
BH,Bahrain,11074822074,2003
BH,Bahrain,18505053191,2006
BH,Bahrain,25710877660,2008
BH,Bahrain,25713271277,2010
BH,Bahrain,28776595745,2011
BH,Bahrain,30749308511,2012
BH,Bahrain,32539547872,2013
BH,Bahrain,33387712766,2014
BH,Bahrain,31125851064,2015
BH,Bahrain,32179069149,2016
NG,Nigeria,64201788123,1980
NG,Nigeria,35451565749,1983
NG,Nigeria,23272161397,1988
NG,Nigeria,27392886873,1991
NG,Nigeria,29300903643,1992
NG,Nigeria,18086400536,1994
NG,Nigeria,28546958641,1995
NG,Nigeria,34987951375,1996
NG,Nigeria,35822342618,1997
NG,Nigeria,32004613750,1998
NG,Nigeria,35870792988,1999
NG,Nigeria,46386011231,2000
NG,Nigeria,44137994252,2001
NG,Nigeria,59116847822,2002
NG,Nigeria,67655813930,2003
NG,Nigeria,87845420504,2004
NG,Nigeria,1.12248E+11,2005
NG,Nigeria,1.4543E+11,2006
NG,Nigeria,1.66451E+11,2007
NG,Nigeria,2.08065E+11,2008
NG,Nigeria,1.69481E+11,2009
NG,Nigeria,3.69062E+11,2010
NG,Nigeria,4.11744E+11,2011
NG,Nigeria,4.60954E+11,2012
NG,Nigeria,5.14966E+11,2013
NG,Nigeria,5.68499E+11,2014
NG,Nigeria,4.81066E+11,2015
NG,Nigeria,4.04653E+11,2016
HK,"Hong Kong SAR, China",28861759209,1980
HK,"Hong Kong SAR, China",31055409443,1981
HK,"Hong Kong SAR, China",68790369107,1989
HK,"Hong Kong SAR, China",76928290842,1990
HK,"Hong Kong SAR, China",88959620136,1991
HK,"Hong Kong SAR, China",1.04272E+11,1992
HK,"Hong Kong SAR, China",1.35812E+11,1994
HK,"Hong Kong SAR, China",1.44653E+11,1995
HK,"Hong Kong SAR, China",1.59717E+11,1996
HK,"Hong Kong SAR, China",1.71668E+11,2000
HK,"Hong Kong SAR, China",1.69403E+11,2001
HK,"Hong Kong SAR, China",1.8157E+11,2005
HK,"Hong Kong SAR, China",2.1928E+11,2008
SN,Senegal,3503282103,1980
SN,Senegal,4985153203,1988
SN,Senegal,5716644272,1990
SN,Senegal,5617236033,1991
SN,Senegal,6004885321,1992
SN,Senegal,3877196915,1994
SN,Senegal,4878719133,1995
SN,Senegal,4672503920,1997
SN,Senegal,5030344074,1998
SN,Senegal,5144045360,1999
SN,Senegal,4679604754,2000
SN,Senegal,4877602060,2001
SN,Senegal,5333862371,2002
SN,Senegal,8707015771,2005
SN,Senegal,11284603071,2007
SN,Senegal,13439023281,2008
SN,Senegal,12814961485,2009
SN,Senegal,12948906289,2010
SN,Senegal,14390776644,2011
SN,Senegal,14225310519,2012
SN,Senegal,14851057085,2013
SN,Senegal,15304363138,2014
SN,Senegal,13640668374,2015
ZW,Zimbabwe,6678868200,1980
ZW,Zimbabwe,8011373800,1981
ZW,Zimbabwe,8539700700,1982
ZW,Zimbabwe,7764067000,1983
ZW,Zimbabwe,6352125900,1984
ZW,Zimbabwe,5637259300,1985
ZW,Zimbabwe,6217523700,1986
ZW,Zimbabwe,6741215100,1987
ZW,Zimbabwe,7814784100,1988
ZW,Zimbabwe,8286322700,1989
ZW,Zimbabwe,8783816700,1990
ZW,Zimbabwe,8641481700,1991
ZW,Zimbabwe,6751472200,1992
ZW,Zimbabwe,6890675000,1994
ZW,Zimbabwe,7111270700,1995
ZW,Zimbabwe,6689957600,2000
ZW,Zimbabwe,6777384700,2001
ZW,Zimbabwe,6342116400,2002
ZW,Zimbabwe,5727591800,2003
ZW,Zimbabwe,5443896500,2006
ZW,Zimbabwe,5291950100,2007
ZW,Zimbabwe,4415702800,2008
ZW,Zimbabwe,10141859710,2010
ZW,Zimbabwe,12098450749,2011
ZW,Zimbabwe,15451768659,2013
ZW,Zimbabwe,15891049236,2014
GN,Guinea,,1980
GN,Guinea,3284625277,1992
GN,Guinea,3383218923,1994
GN,Guinea,3869032271,1996
GN,Guinea,2995360969,2000
GN,Guinea,2937071767,2005
GN,Guinea,8376667793,2013
GN,Guinea,8767143623,2015
GN,Guinea,8200248003,2016
GD,Grenada,110900444.4,1980
GD,Grenada,131803555.6,1983
BZ,Belize,194750000,1980
BZ,Belize,444720750,1991
BZ,Belize,518239100,1992
BZ,Belize,832072450,2000
BZ,Belize,1613705850,2013
AL,Albania,,1981
AL,Albania,2101624963,1990
AL,Albania,1139166646,1991
AL,Albania,709452583.9,1992
AL,Albania,1985673798,1994
AL,Albania,3314898292,1996
AL,Albania,2359903108,1997
AL,Albania,2707123772,1998
AL,Albania,3414760915,1999
AL,Albania,3632043908,2000
AL,Albania,4060758804,2001
AL,Albania,5746945913,2003
AL,Albania,12044212904,2009
AL,Albania,12776277515,2013
AL,Albania,13228244357,2014
AL,Albania,11335264967,2015
AL,Albania,11863865978,2016
CF,Central African Republic,694803502.7,1981
CF,Central African Republic,1122265026,1986
CF,Central African Republic,1377375031,1991
CF,Central African Republic,1411917558,1992
CF,Central African Republic,851174350.6,1994
CF,Central African Republic,1007791186,1996
CF,Central African Republic,914500299.1,2000
CF,Central African Republic,931833302.8,2001
CF,Central African Republic,1460562038,2006
CF,Central African Republic,1698125618,2007
CF,Central African Republic,1985239277,2008
CF,Central African Republic,1981728141,2009
CF,Central African Republic,1986014846,2010
CF,Central African Republic,2212699747,2011
CF,Central African Republic,2184183758,2012
CF,Central African Republic,1518565219,2013
CF,Central African Republic,1702898940,2014
CF,Central African Republic,1583776760,2015
CF,Central African Republic,1756124677,2016
SC,Seychelles,154902869,1981
DM,Dominica,66218518.52,1981
DM,Dominica,245781481.5,1997
QA,Qatar,7596703214,1982
QA,Qatar,6487912088,1989
QA,Qatar,9059340385,1996
QA,Qatar,17759890110,2000
QA,Qatar,17538461538,2001
QA,Qatar,44530494505,2005
QA,Qatar,1.64641E+11,2015
BG,Bulgaria,19342000000,1982
BG,Bulgaria,17594944444,1984
BG,Bulgaria,20632090909,1990
BG,Bulgaria,10943548387,1991
BG,Bulgaria,10350515464,1992
BG,Bulgaria,9697416974,1994
BG,Bulgaria,13063422619,1995
BG,Bulgaria,10109404160,1996
BG,Bulgaria,11195630537,1997
BG,Bulgaria,14630974778,1998
BG,Bulgaria,13495062850,1999
BG,Bulgaria,13148099185,2000
BG,Bulgaria,14135393876,2001
BG,Bulgaria,16360346654,2002
BG,Bulgaria,54409138498,2008
BG,Bulgaria,57418391042,2011
BG,Bulgaria,53903028252,2012
BG,Bulgaria,55758744571,2013
BG,Bulgaria,56732006512,2014
BG,Bulgaria,50199117547,2015
BG,Bulgaria,53237882473,2016
SR,Suriname,915150000,1982
SR,Suriname,883600000,1983
SR,Suriname,864150000,1984
SR,Suriname,891000000,1986
SR,Suriname,979850000,1987
SR,Suriname,1160900000,1988
SR,Suriname,542520000,1989
SR,Suriname,388300000,1990
SR,Suriname,448300000,1991
SR,Suriname,404600000,1992
SR,Suriname,605492537.3,1994
SR,Suriname,929607500,1997
SZ,Swaziland,537575980.8,1982
SZ,Swaziland,494475699.9,1984
SZ,Swaziland,449146608.3,1986
SZ,Swaziland,584135559.9,1987
SZ,Swaziland,696915430.7,1989
SZ,Swaziland,1156141998,1991
SZ,Swaziland,1284766234,1992
SZ,Swaziland,1698982438,1995
SZ,Swaziland,1716699913,1997
SZ,Swaziland,1576904292,1998
SZ,Swaziland,1547884442,1999
SZ,Swaziland,2197612701,2003
SZ,Swaziland,3291353836,2006
SZ,Swaziland,3294093485,2008
LU,Luxembourg,4683697830,1983
LU,Luxembourg,4738559685,1985
LU,Luxembourg,6921264132,1986
LU,Luxembourg,18325791415,1994
IS,Iceland,2788530415,1983
IS,Iceland,4022192404,1986
IS,Iceland,14218575093,2012
IS,Iceland,17178962757,2014
BF,Burkina Faso,1459880353,1984
BF,Burkina Faso,3135045684,1991
BF,Burkina Faso,11947176342,2013
BF,Burkina Faso,10419303761,2015
BF,Burkina Faso,11693235542,2016
NC,New Caledonia,796018978.5,1984
NC,New Caledonia,854823821.7,1985
NC,New Caledonia,1201262518,1986
NC,New Caledonia,2072735787,1988
NC,New Caledonia,2185072798,1989
NC,New Caledonia,2923764926,1992
RO,Romania,,1984
RO,Romania,,1985
RO,Romania,28998684211,1991
RO,Romania,25121666667,1992
RO,Romania,37662075750,1995
RO,Romania,2.08182E+11,2008
NE,Niger,1440581653,1985
NE,Niger,2179567111,1989
NE,Niger,2327986216,1991
NE,Niger,2344987614,1992
NE,Niger,1563207225,1994
NE,Niger,1880803362,1995
NE,Niger,1987770899,1996
NE,Niger,1845599608,1997
NE,Niger,2018193703,1999
NE,Niger,4291363391,2007
NE,Niger,5403363917,2008
NE,Niger,5397121856,2009
NE,Niger,5718589799,2010
NE,Niger,6409169890,2011
NE,Niger,6942209595,2012
NE,Niger,7667951988,2013
NE,Niger,8229730067,2014
NE,Niger,7217666361,2015
NE,Niger,7528387858,2016
NP,Nepal,2619913956,1985
NP,Nepal,3921476085,1991
NP,Nepal,3401211581,1992
NP,Nepal,4066775510,1994
NP,Nepal,4521580381,1996
NP,Nepal,4918691917,1997
NP,Nepal,5033642384,1999
NP,Nepal,5494252208,2000
NP,Nepal,6007061224,2001
NP,Nepal,6050875807,2002
NP,Nepal,6330473097,2003
NP,Nepal,7273938315,2004
NP,Nepal,8130258041,2005
NP,Nepal,9043715356,2006
NP,Nepal,10325618017,2007
NP,Nepal,12545438605,2008
NP,Nepal,12854985464,2009
NP,Nepal,16002656434,2010
NP,Nepal,18913574371,2011
NP,Nepal,18851513891,2012
NP,Nepal,19271168018,2013
NP,Nepal,20002968838,2014
NP,Nepal,21410840909,2015
NP,Nepal,21131983246,2016
TG,Togo,762359722.7,1985
TG,Togo,1602299863,1991
TG,Togo,1692959110,1992
TG,Togo,982624324.5,1994
TG,Togo,1309382885,1995
TG,Togo,1465448290,1996
TG,Togo,2115154262,2005
FI,Finland,73586676050,1986
FI,Finland,1.12625E+11,1992
FI,Finland,1.03322E+11,1994
FI,Finland,1.34199E+11,1995
FI,Finland,2.55385E+11,2007
FI,Finland,2.83742E+11,2008
FI,Finland,2.32439E+11,2015
FI,Finland,2.38503E+11,2016
FJ,Fiji,1177908192,1987
FJ,Fiji,1182686577,1989
FJ,Fiji,1383843860,1991
FJ,Fiji,1531803061,1992
FJ,Fiji,1942170999,1999
FJ,Fiji,1684109743,2000
FJ,Fiji,1660102346,2001
GH,Ghana,5074829932,1987
GH,Ghana,6413901602,1992
GH,Ghana,5444560669,1994
GH,Ghana,6465137615,1995
GH,Ghana,6934984709,1996
GH,Ghana,6891308594,1997
GH,Ghana,38616536132,2014
GH,Ghana,42689783734,2016
MU,Mauritius,2143484488,1988
MU,Mauritius,2191096860,1989
HU,Hungary,,1989
HU,Hungary,34748508332,1991
HU,Hungary,38724945368,1992
HU,Hungary,43160392124,1994
HU,Hungary,46659796773,1996
HU,Hungary,47290180589,1997
HU,Hungary,48770466839,1998
HU,Hungary,53821315066,2001
HU,Hungary,1.57998E+11,2008
HU,Hungary,1.30594E+11,2009
HU,Hungary,1.40118E+11,2014
HU,Hungary,1.22879E+11,2015
HU,Hungary,1.25817E+11,2016
PG,Papua New Guinea,3546460177,1989
PG,Papua New Guinea,3219730365,1990
PG,Papua New Guinea,3787352287,1991
PG,Papua New Guinea,4377984100,1992
PG,Papua New Guinea,5502648500,1994
PG,Papua New Guinea,4636113480,1995
PG,Papua New Guinea,5155485420,1996
PG,Papua New Guinea,4936605080,1997
PG,Papua New Guinea,2999511040,2002
PG,Papua New Guinea,9545071325,2007
CN,China,3.47768E+11,1989
CN,China,3.60858E+11,1990
CN,China,3.83373E+11,1991
CN,China,4.26916E+11,1992
CN,China,5.64325E+11,1994
CN,China,7.34548E+11,1995
CN,China,8.63747E+11,1996
CN,China,9.61604E+11,1997
CN,China,1.02904E+12,1998
CN,China,1.094E+12,1999
CN,China,1.21135E+12,2000
CN,China,1.3394E+12,2001
CN,China,1.47055E+12,2002
CN,China,1.66029E+12,2003
CN,China,1.95535E+12,2004
CN,China,2.28597E+12,2005
CN,China,4.59821E+12,2008
CN,China,5.10995E+12,2009
CN,China,6.10062E+12,2010
CN,China,7.57255E+12,2011
CN,China,8.56055E+12,2012
CN,China,9.60722E+12,2013
CN,China,1.04824E+13,2014
CN,China,1.10647E+13,2015
CN,China,1.11991E+13,2016
LR,Liberia,384400000,1990
LR,Liberia,348000000,1991
LR,Liberia,223500000,1992
LR,Liberia,132200000,1994
LR,Liberia,159400000,1996
LR,Liberia,441800000,1999
LR,Liberia,529064600,2000
LR,Liberia,521000000,2001
LR,Liberia,543000000,2002
LR,Liberia,416000000,2003
LR,Liberia,850040500,2008
LR,Liberia,1735500000,2012
LR,Liberia,2013000000,2014
ML,Mali,2681912030,1990
ML,Mali,2724131545,1991
ML,Mali,2830673389,1992
ML,Mali,2081846483,1994
ML,Mali,2706425298,1995
ML,Mali,2697105694,1997
ML,Mali,6245031690,2005
ML,Mali,8145694632,2007
ML,Mali,9750822511,2008
ML,Mali,10181021770,2009
ML,Mali,10678749467,2010
ML,Mali,12978107561,2011
ML,Mali,12442747897,2012
ML,Mali,13246412031,2013
ML,Mali,14388360064,2014
ML,Mali,13100058100,2015
ML,Mali,14034980334,2016
DE,Germany,1.76497E+12,1990
DE,Germany,1.86187E+12,1991
DE,Germany,2.12313E+12,1992
DE,Germany,2.20597E+12,1994
DE,Germany,2.59162E+12,1995
DE,Germany,2.50367E+12,1996
DE,Germany,2.21869E+12,1997
DE,Germany,2.24323E+12,1998
DE,Germany,2.19996E+12,1999
DE,Germany,1.94995E+12,2000
DE,Germany,1.95065E+12,2001
DE,Germany,2.07914E+12,2002
DE,Germany,2.50573E+12,2003
DE,Germany,2.81925E+12,2004
DE,Germany,2.86141E+12,2005
DE,Germany,3.00245E+12,2006
DE,Germany,3.43995E+12,2007
DE,Germany,3.75237E+12,2008
DE,Germany,3.41801E+12,2009
DE,Germany,3.41709E+12,2010
DE,Germany,3.7577E+12,2011
DE,Germany,3.54398E+12,2012
DE,Germany,3.89061E+12,2014
DE,Germany,3.37561E+12,2015
DE,Germany,3.4778E+12,2016
YE,"Yemen, Rep.",5930370370,1991
YE,"Yemen, Rep.",6463649985,1992
YE,"Yemen, Rep.",4167356037,1994
YE,"Yemen, Rep.",4258788725,1995
YE,"Yemen, Rep.",5785685311,1996
YE,"Yemen, Rep.",6839039030,1997
YE,"Yemen, Rep.",6325219773,1998
YE,"Yemen, Rep.",7641101221,1999
YE,"Yemen, Rep.",9636342275,2000
YE,"Yemen, Rep.",9854042165,2001
YE,"Yemen, Rep.",10693278292,2002
YE,"Yemen, Rep.",11777768087,2003
YE,"Yemen, Rep.",16753769532,2005
YE,"Yemen, Rep.",19081722875,2006
YE,"Yemen, Rep.",21656517484,2007
YE,"Yemen, Rep.",26910851362,2008
YE,"Yemen, Rep.",25130274124,2009
YE,"Yemen, Rep.",30906749533,2010
YE,"Yemen, Rep.",32726417878,2011
YE,"Yemen, Rep.",35393148127,2012
YE,"Yemen, Rep.",40415233436,2013
YE,"Yemen, Rep.",43228583935,2014
YE,"Yemen, Rep.",37733919936,2015
YE,"Yemen, Rep.",27317605346,2016
RW,Rwanda,1911600970,1991
RW,Rwanda,2029026704,1992
RW,Rwanda,753636370.5,1994
RW,Rwanda,1293535011,1995
RW,Rwanda,1382334879,1996
RW,Rwanda,1851558302,1997
RW,Rwanda,1989343495,1998
RW,Rwanda,1734938264,2000
RW,Rwanda,1674685094,2001
RW,Rwanda,2581465864,2005
RW,Rwanda,4860576609,2008
RW,Rwanda,5379378135,2009
RW,Rwanda,5774003744,2010
RW,Rwanda,6491683832,2011
RW,Rwanda,7315702176,2012
RW,Rwanda,7622526429,2013
RW,Rwanda,8016288347,2014
RW,Rwanda,8376048905,2016
SL,Sierra Leone,779981458.9,1991
SL,Sierra Leone,679997997.6,1992
SL,Sierra Leone,911915970.7,1994
SL,Sierra Leone,870758739.4,1995
SL,Sierra Leone,941742152.7,1996
SL,Sierra Leone,850218033.6,1997
SL,Sierra Leone,672375927.3,1998
SL,Sierra Leone,669384768.9,1999
SL,Sierra Leone,635874002.2,2000
SL,Sierra Leone,3736588554,2016
CM,Cameroon,12434370005,1991
CM,Cameroon,11396310990,1992
CM,Cameroon,10600157684,1994
CM,Cameroon,9643953175,1995
CM,Cameroon,10612847429,1998
CM,Cameroon,22365265026,2007
CM,Cameroon,26409781215,2008
CM,Cameroon,26017925552,2009
CM,Cameroon,26143818510,2010
CM,Cameroon,29337006833,2011
CM,Cameroon,32348149947,2013
CM,Cameroon,34942948737,2014
CM,Cameroon,30916218544,2015
CM,Cameroon,32217497470,2016
CU,Cuba,24316556026,1991
CU,Cuba,22085858243,1992
CU,Cuba,28448326757,1994
CU,Cuba,25017300000,1996
CU,Cuba,25366200000,1997
CU,Cuba,58603900000,2007
HR,Croatia,,1991
HR,Croatia,,1992
HR,Croatia,,1994
HR,Croatia,22387561845,1995
HR,Croatia,23678012697,1996
HR,Croatia,23822087053,1997
HR,Croatia,21774273832,2000
HR,Croatia,23289671102,2001
HR,Croatia,45416358502,2005
HR,Croatia,70481451814,2008
HR,Croatia,62703095751,2009
HR,Croatia,57769872075,2013
GE,Georgia,6357615894,1991
GE,Georgia,3690328964,1992
GE,Georgia,2513870587,1994
GE,Georgia,2693731866,1995
GE,Georgia,3094915506,1996
GE,Georgia,3510540809,1997
GE,Georgia,3613500117,1998
GE,Georgia,2800024314,1999
GE,Georgia,3057453483,2000
GE,Georgia,3219487825,2001
GE,Georgia,3395778674,2002
GE,Georgia,3991374549,2003
GE,Georgia,5125273881,2004
GE,Georgia,6410941013,2005
GE,Georgia,7745406201,2006
GE,Georgia,12795044473,2008
GE,Georgia,10766809099,2009
GE,Georgia,11638536834,2010
GE,Georgia,14434619982,2011
GE,Georgia,15846474596,2012
GE,Georgia,16140047012,2013
GE,Georgia,16509305828,2014
GE,Georgia,13993546732,2015
GE,Georgia,14378016729,2016
AZ,Azerbaijan,8792365811,1991
AZ,Azerbaijan,4991350458,1992
AZ,Azerbaijan,3313739674,1994
AZ,Azerbaijan,3052467522,1995
AZ,Azerbaijan,3176749593,1996
AZ,Azerbaijan,3962710163,1997
AZ,Azerbaijan,5272617196,2000
AZ,Azerbaijan,5707720391,2001
AZ,Azerbaijan,6235795104,2002
AZ,Azerbaijan,33050343783,2007
AZ,Azerbaijan,48852482960,2008
AZ,Azerbaijan,44291490421,2009
AZ,Azerbaijan,75244166773,2014
AZ,Azerbaijan,37847715736,2016
MG,Madagascar,2653141959,1991
MG,Madagascar,3024459564,1992
MG,Madagascar,3159901232,1995
MG,Madagascar,3995028593,1996
MG,Madagascar,3545776697,1997
MG,Madagascar,4397254608,2002
MG,Madagascar,5515884349,2006
MG,Madagascar,8550363975,2009
MG,Madagascar,9892702358,2011
MG,Madagascar,9919780071,2012
MG,Madagascar,10601690872,2013
MG,Madagascar,10673516673,2014
MG,Madagascar,10001193420,2016
LT,Lithuania,,1991
LT,Lithuania,,1992
LT,Lithuania,7870782261,1995
LT,Lithuania,8385109020,1996
LT,Lithuania,10120274493,1997
BI,Burundi,1167398478,1991
BI,Burundi,1083037671,1992
BI,Burundi,925030590.2,1994
BI,Burundi,1000428394,1995
BI,Burundi,869033856.3,1996
BI,Burundi,972896267.9,1997
BI,Burundi,893770806.1,1998
BI,Burundi,808077223.4,1999
BI,Burundi,870486065.9,2000
BI,Burundi,876794723.1,2001
BI,Burundi,825394490.2,2002
BI,Burundi,784654423.6,2003
BI,Burundi,915257323.4,2004
BI,Burundi,1117257279,2005
BI,Burundi,1273180597,2006
BI,Burundi,1356078278,2007
BI,Burundi,1611634332,2008
BI,Burundi,2026864469,2010
BI,Burundi,2355652126,2011
BI,Burundi,2472384907,2012
BI,Burundi,2714505635,2013
BI,Burundi,3093647227,2014
BI,Burundi,3066681387,2015
BI,Burundi,3007029030,2016
UA,Ukraine,77464561150,1991
UA,Ukraine,73942235330,1992
UA,Ukraine,52549555149,1994
UA,Ukraine,48213868178,1995
UA,Ukraine,44558077827,1996
UA,Ukraine,50150399792,1997
UA,Ukraine,31580639045,1999
UA,Ukraine,31261527363,2000
UA,Ukraine,42392896031,2002
UA,Ukraine,50132953288,2003
UA,Ukraine,1.42719E+11,2007
UA,Ukraine,1.79992E+11,2008
UA,Ukraine,1.17228E+11,2009
UA,Ukraine,1.36013E+11,2010
UA,Ukraine,1.6316E+11,2011
UA,Ukraine,1.75781E+11,2012
UA,Ukraine,1.8331E+11,2013
UA,Ukraine,1.33503E+11,2014
UA,Ukraine,91030959455,2015
UA,Ukraine,93270479389,2016
AM,Armenia,2068526522,1991
AM,Armenia,1272577456,1992
AM,Armenia,1315158670,1994
AM,Armenia,1468317350,1995
AM,Armenia,1596968913,1996
AM,Armenia,1893726437,1998
AM,Armenia,1845482181,1999
AM,Armenia,1911563665,2000
AM,Armenia,2118467913,2001
AM,Armenia,9206301700,2007
AM,Armenia,8647936748,2009
AM,Armenia,11121465767,2013
AM,Armenia,10553337673,2015
AM,Armenia,10572298342,2016
KZ,Kazakhstan,24906939560,1992
KZ,Kazakhstan,21250839258,1994
KZ,Kazakhstan,22165932063,1997
KZ,Kazakhstan,18291990619,2000
KZ,Kazakhstan,22152694162,2001
KZ,Kazakhstan,1.33442E+11,2008
KZ,Kazakhstan,1.92627E+11,2011
KZ,Kazakhstan,2.07999E+11,2012
KZ,Kazakhstan,2.36635E+11,2013
KZ,Kazakhstan,1.37278E+11,2016
AG,Antigua and Barbuda,499281148.1,1992
GQ,Equatorial Guinea,134707184.4,1992
GQ,Equatorial Guinea,15027795173,2009
TJ,Tajikistan,1909246641,1992
TJ,Tajikistan,1346074611,1994
TJ,Tajikistan,1231523035,1995
TJ,Tajikistan,1043893063,1996
TJ,Tajikistan,921843144.2,1997
TJ,Tajikistan,1320126706,1998
TJ,Tajikistan,1086567378,1999
TJ,Tajikistan,860550305.8,2000
TJ,Tajikistan,1080774007,2001
TJ,Tajikistan,2312319579,2005
TJ,Tajikistan,3719497371,2007
TJ,Tajikistan,4979481980,2009
TJ,Tajikistan,5642178580,2010
TJ,Tajikistan,7633049792,2012
TJ,Tajikistan,9236309138,2014
TJ,Tajikistan,7853450374,2015
TJ,Tajikistan,6951657159,2016
MW,Malawi,1799529357,1992
MW,Malawi,3495748398,2002
UZ,Uzbekistan,12941297376,1992
UZ,Uzbekistan,13350468917,1995
UZ,Uzbekistan,17078465982,1999
UZ,Uzbekistan,12030023548,2004
UZ,Uzbekistan,14307509839,2005
UZ,Uzbekistan,33689223673,2009
UZ,Uzbekistan,66903804143,2015
LV,Latvia,,1992
LV,Latvia,,1994
LV,Latvia,5788368511,1995
LV,Latvia,6525676264,1997
LV,Latvia,7174985107,1998
LV,Latvia,7533187605,1999
LV,Latvia,7937758980,2000
LV,Latvia,30901399261,2007
EE,Estonia,,1992
EE,Estonia,,1994
EE,Estonia,4373665146,1995
EE,Estonia,4746109767,1996
EE,Estonia,5726897998,1999
EE,Estonia,6245069734,2001
EE,Estonia,23170239901,2011
EE,Estonia,22566956982,2015
KM,Comoros,266191040.4,1992
KM,Comoros,185761822.6,1994
KM,Comoros,212099634.7,1997
BJ,Benin,1695315306,1992
BJ,Benin,1598075932,1994
BJ,Benin,2169627251,1995
BJ,Benin,2361116588,1996
BJ,Benin,5969535132,2007
BY,Belarus,14932192011,1994
BY,Belarus,14128412417,1997
BY,Belarus,12138485329,1999
BY,Belarus,12354820144,2001
BY,Belarus,36961821894,2006
BY,Belarus,60763483146,2008
BY,Belarus,57222490769,2010
BY,Belarus,61757788945,2011
BY,Belarus,65685102555,2012
CZ,Czech Republic,47554674591,1994
CZ,Czech Republic,59775697061,1995
CZ,Czech Republic,66985765439,1996
CZ,Czech Republic,61792161168,1997
CZ,Czech Republic,67523642262,2001
CZ,Czech Republic,99627140274,2003
CZ,Czech Republic,2.35719E+11,2008
CZ,Czech Republic,2.0618E+11,2009
CZ,Czech Republic,2.27948E+11,2011
CZ,Czech Republic,2.09402E+11,2013
CZ,Czech Republic,2.07818E+11,2014
CZ,Czech Republic,1.8683E+11,2015
CZ,Czech Republic,1.95305E+11,2016
SI,Slovenia,,1994
SI,Slovenia,21480023017,1996
SI,Slovenia,20749140606,1997
SI,Slovenia,20342201356,2000
GM,"Gambia, The",746491692.6,1994
GM,"Gambia, The",785996982.5,1995
GM,"Gambia, The",782915402.4,2000
ER,Eritrea,578015625,1995
ER,Eritrea,693535954.2,1996
ER,Eritrea,1317974491,2007
ER,Eritrea,1380188800,2008
ER,Eritrea,1856695551,2009
ER,Eritrea,2117039512,2010
ER,Eritrea,2607739837,2011
PF,French Polynesia,3982374846,1995
KG,Kyrgyz Republic,1827570586,1996
KG,Kyrgyz Republic,1249062025,1999
KG,Kyrgyz Republic,1369693171,2000
KG,Kyrgyz Republic,1525112242,2001
KG,Kyrgyz Republic,1605640633,2002
KG,Kyrgyz Republic,1919012781,2003
KG,Kyrgyz Republic,2460248026,2005
KG,Kyrgyz Republic,2834168889,2006
KG,Kyrgyz Republic,3802566171,2007
KG,Kyrgyz Republic,4794357795,2010
KG,Kyrgyz Republic,6197766119,2011
KG,Kyrgyz Republic,7468096567,2014
KG,Kyrgyz Republic,6678178340,2015
KG,Kyrgyz Republic,6551287938,2016
VU,Vanuatu,245177633.2,1996
SB,Solomon Islands,482214092.3,1999
SB,Solomon Islands,435103853.5,2000
SB,Solomon Islands,341661643.6,2002
SB,Solomon Islands,332738245.9,2003
GW,Guinea-Bissau,392278168.2,2001
GW,Guinea-Bissau,476388260.6,2003
GW,Guinea-Bissau,586791883.7,2005
GW,Guinea-Bissau,591829908.4,2006
GW,Guinea-Bissau,825828703.6,2009
GW,Guinea-Bissau,989875559.1,2012
ME,Montenegro,1159860290,2001
ME,Montenegro,3668857104,2007
ME,Montenegro,4464260489,2013
ME,Montenegro,4052913386,2015
TM,Turkmenistan,4462028989,2002
TM,Turkmenistan,43524210526,2014
MV,Maldives,1575200391,2006
MV,Maldives,1868383460,2007
MV,Maldives,2271646188,2008
MV,Maldives,3295011381,2013
MV,Maldives,3697351594,2014
MV,Maldives,4006531188,2015
MV,Maldives,4224209599,2016
BT,Bhutan,897731524.9,2006
BT,Bhutan,1258332337,2008
BT,Bhutan,1820207626,2011
BT,Bhutan,1944782821,2014
RS,Serbia,49259526053,2008
RS,Serbia,42616653300,2009
RS,Serbia,39460357731,2010
RS,Serbia,40742313861,2012
SS,South Sudan,10368813559,2012
SS,South Sudan,13257635695,2013
SS,South Sudan,13282084034,2014
SS,South Sudan,9015221096,2015
SS,South Sudan,,2016